name,profession,age,ranking_visib_5criteria,date_added_to_alivewatch,risk_factor
Joe_Torre,baseball,85,14744.0,2025-01-03,0.42628
Roy_Ayers,singer,85,28533.5,2025-01-03,0.3573325
Peter_Atkins,chemist,85,28187.0,2025-01-03,0.359065
Chip_Taylor,music,85,28092.0,2025-01-03,0.35954
Ken_Jenkins,actor,85,27283.0,2025-01-03,0.363585
Daniel_J._Travanti,actor,85,27196.5,2025-01-03,0.3640175
James_Burrows,screenwriter,85,27011.0,2025-01-03,0.364945
Norman_Spinrad,writer,85,26787.0,2025-01-03,0.366065
Chuck_Mangione,conductor,85,26433.5,2025-01-03,0.3678325
Larry_Brown_(basketball),basket,85,25514.0,2025-01-03,0.37243
Natalia_Makarova,ballet,85,24756.0,2025-01-03,0.37622
Tom_Brokaw,journalist,85,24656.0,2025-01-03,0.37672
Quentin_Skinner,philosopher,85,23996.0,2025-01-03,0.38002
Donna_Mills,actor,85,22315.5,2025-01-03,0.3884225
Trevor_Nunn,theatre,85,22287.0,2025-01-03,0.388565
Jorma_Kaukonen,guitar,85,20785.0,2025-01-03,0.396075
Peter_Diamond,economist,85,20780.0,2025-01-03,0.3961
Manfred_Mann_(musician),music,85,20546.0,2025-01-03,0.39727
Dan_Hedaya,actor,85,20401.0,2025-01-03,0.397995
Arthur_Laffer,economist,85,28408.0,2025-01-03,0.35796
Mariette_Hartley,actor,85,28773.5,2025-01-03,0.3561325
Jerry_Lucas,basket,85,18356.5,2025-01-03,0.4082175
Edmund_White,novelist,85,28800.0,2025-01-03,0.356
Carole_Pateman,political_scientist,85,38122.0,2025-01-03,0.30939
Dakin_Matthews,playwright,85,37955.0,2025-01-03,0.310225
David_Gates,guitar,85,36994.5,2025-01-03,0.3150275
Dick_Armey,politician,85,36806.0,2025-01-03,0.31597
Walter_Alvarez,geologist,85,36108.0,2025-01-03,0.31946
Chris_Farlowe,singer,85,34766.0,2025-01-03,0.32617
Joachim_Frank,chemist,85,34736.0,2025-01-03,0.32632
Carol_Heiss,skater,85,34448.5,2025-01-03,0.3277575
Jim_Clyburn,politician,85,34405.0,2025-01-03,0.327975
Joseph_L._Goldstein,geneticist,85,33795.0,2025-01-03,0.331025
Fran_Tarkenton,football,85,33645.5,2025-01-03,0.3317725
Mary_Beth_Peil,singer,85,32963.0,2025-01-03,0.335185
Tony_Bill,actor,85,32525.0,2025-01-03,0.337375
David_Seltzer,film,85,32219.5,2025-01-03,0.3389025
Bill_Medley,singer,85,31627.0,2025-01-03,0.341865
Austin_Pendleton,playwright,85,30600.0,2025-01-03,0.347
Larry_Hankin,actor,85,29887.0,2025-01-03,0.350565
Roy_Thomas,artist,85,20052.0,2025-01-03,0.39974
Lainie_Kazan,actor,85,18049.0,2025-01-03,0.409755
Terry_Gilliam,film,85,1131.0,2025-01-03,0.494345
George_Akerlof,economist,85,6147.5,2025-01-03,0.4692625
Smokey_Robinson,singer,85,4995.0,2025-01-03,0.475025
James_L._Brooks,screenwriter,85,4854.0,2025-01-03,0.47573
James_Brolin,actor,85,4827.0,2025-01-03,0.475865
Katharine_Ross,actor,85,4763.0,2025-01-03,0.476185
Jeffrey_Archer,novelist,85,4537.0,2025-01-03,0.477315
Lance_Henriksen,actor,85,4300.0,2025-01-03,0.4785
Nancy_Sinatra,singer,85,3671.0,2025-01-03,0.481645
James_Cromwell,actor,85,3623.0,2025-01-03,0.481885
Jack_Nicklaus,golf,85,3539.5,2025-01-03,0.4823025
Kip_Thorne,physicist,85,3214.0,2025-01-03,0.48393
Nancy_Pelosi,politician,85,3088.5,2025-01-03,0.4845575
Dionne_Warwick,singer,85,2945.0,2025-01-03,0.485275
Herbie_Hancock,singer,85,2131.0,2025-01-03,0.489345
Julie_Christie,actor,85,1980.0,2025-01-03,0.4901
Cliff_Richard,actor,85,1714.0,2025-01-03,0.49143
Brian_De_Palma,film,85,1579.0,2025-01-03,0.492105
Tom_Jones_(singer),singer,85,1380.0,2025-01-03,0.4931
Sam_Waterston,film,85,5350.5,2025-01-03,0.4732475
Patrick_Leahy,politician,85,6468.0,2025-01-03,0.46766
Alan_Kay,computer_scientist,85,16454.0,2025-01-03,0.41773
Thomas_Harris,writer,85,7041.0,2025-01-03,0.464795
William_Cohen,politician,85,16116.5,2025-01-03,0.4194175
David_Jason,actor,85,16086.0,2025-01-03,0.41957
Brian_Josephson,physicist,85,15493.0,2025-01-03,0.422535
Thelma_Schoonmaker,film,85,15328.0,2025-01-03,0.42336
Leonard_Susskind,physicist,85,15081.0,2025-01-03,0.424595
Robin_Cook_(American_novelist),writer,85,14706.0,2025-01-03,0.42647
Barney_Frank,politician,85,14592.0,2025-01-03,0.42704
Jill_St._John,actor,85,11183.5,2025-01-03,0.4440825
Linda_Gray,actor,85,11060.0,2025-01-03,0.4447
Lamar_Alexander,politician,85,10330.0,2025-01-03,0.44835
Paul_Williams_(songwriter),actor,85,10232.0,2025-01-03,0.44884
Pauline_Collins,actor,85,10047.0,2025-01-03,0.449765
Kenneth_Clarke,politician,85,9941.0,2025-01-03,0.450295
Mario_Andretti,driver,85,9879.0,2025-01-03,0.450605
Barry_Corbin,actor,85,9871.0,2025-01-03,0.450645
Frankie_Avalon,singer,85,9381.0,2025-01-03,0.453095
Barbara_Boxer,politician,85,7550.0,2025-01-03,0.46225
Godfrey_Reggio,film,85,39275.0,2025-01-03,0.303625
Candi_Staton,singer,85,39492.5,2025-01-03,0.3025375
John_Grinder,linguist,85,39687.0,2025-01-03,0.301565
Arthur_Elgort,photographer,85,88779.0,2025-01-03,0.056105
Taylor_Wang,astronaut,85,87679.0,2025-01-03,0.061605
Beth_Fowler,actor,85,87654.0,2025-01-03,0.06173
Harry_Northup,actor,85,86057.0,2025-01-03,0.069715
Geoffrey_Boycott,cricket,85,85225.0,2025-01-03,0.073875
Richard_Chew,film,85,82156.0,2025-01-03,0.08922
Ina_May_Gaskin,midwife,85,82074.0,2025-01-03,0.08963
Stephen_J._Lippard,chemist,85,81208.5,2025-01-03,0.0939575
David_Broome,jumper,85,79904.5,2025-01-03,0.1004775
Lucinda_Childs,choreographer,85,79856.5,2025-01-03,0.1007175
Willie_John_McBride,player,85,79097.0,2025-01-03,0.104515
Billy_Hart,music,85,79000.0,2025-01-03,0.105
Peter_Gerety,actor,85,78413.0,2025-01-03,0.107935
Bobby_Rush_(musician),composer,85,77692.0,2025-01-03,0.11154
Chuck_Rainey,music,85,77449.0,2025-01-03,0.112755
Richard_D._Ryder,psychologist,85,76601.0,2025-01-03,0.116995
Bennie_Maupin,clarinet,85,75765.0,2025-01-03,0.121175
Michael_Cook_(historian),historian,85,72520.0,2025-01-03,0.1374
Philip_Proctor,actor,85,88203.0,2025-01-03,0.058985
Averil_Cameron,historian,85,89359.0,2025-01-03,0.053205
Ralph_Towner,guitar,85,40561.0,2025-01-03,0.297195
Lance_Alworth,football,85,90868.0,2025-01-03,0.04566
David_Ackroyd,actor,85,99267.5,2025-01-03,0.0036625
Frances_Mayes,novelist,85,99026.0,2025-01-03,0.00487
Jo_Ann_Pflug,actor,85,97994.0,2025-01-03,0.01003
Roscoe_Mitchell,composer,85,97632.0,2025-01-03,0.01184
Wyche_Fowler,politician,85,96410.5,2025-01-03,0.0179475
Richard_Edlund,special_effects,85,96208.0,2025-01-03,0.01896
Kenneth_Binmore,economist,85,96197.0,2025-01-03,0.019015
Daniel_Goldin,politician,85,96022.0,2025-01-03,0.01989
John_Cornwell_(writer),novelist,85,95919.5,2025-01-03,0.0204025
Louise_Sorel,actor,85,95522.5,2025-01-03,0.0223875
Ernest_Sosa,philosopher,85,94823.0,2025-01-03,0.025885
RubÃ©n_Hinojosa,politician,85,93560.5,2025-01-03,0.0321975
Jack_Shepherd_(actor),actor,85,93547.0,2025-01-03,0.032265
Penny_Fuller,actor,85,93426.0,2025-01-03,0.03287
"Meghnad_Desai,_Baron_Desai",economist,85,92939.5,2025-01-03,0.0353025
Mary_Rand,athletic,85,92184.0,2025-01-03,0.03908
Stanley_Mouse,painter,85,92120.0,2025-01-03,0.0394
Helen_Donath,singer,85,71979.0,2025-01-03,0.140105
Dennis_Tito,entrepreneur,85,70464.0,2025-01-03,0.14768
Richard_Lindzen,physicist,85,69404.0,2025-01-03,0.15298
Juliet_Mitchell,psychologist,85,67868.5,2025-01-03,0.1606575
Anthony_S._Fauci,immunologist,85,49207.0,2025-01-03,0.253965
Arlie_Russell_Hochschild,sociologist,85,48037.0,2025-01-03,0.259815
Stephen_Kovacevich,pianist,85,45450.0,2025-01-03,0.27275
Don_Nelson,basket,85,45002.0,2025-01-03,0.27499
Chris_Menges,film,85,44851.0,2025-01-03,0.275745
Donald_Wuerl,priest,85,44713.0,2025-01-03,0.276435
Luis_Valdez,film,85,44636.0,2025-01-03,0.27682
George_Ritzer,sociologist,85,43899.0,2025-01-03,0.280505
Maxine_Hong_Kingston,author,85,43235.0,2025-01-03,0.283825
John_Castle,actor,85,43077.0,2025-01-03,0.284615
Robert_Winston,professor,85,42710.0,2025-01-03,0.28645
Robert_Pinsky,poet,85,42679.5,2025-01-03,0.2866025
Steve_Swallow,composer,85,42612.0,2025-01-03,0.28694
Wendy_Doniger,indologist,85,41860.5,2025-01-03,0.2906975
John_Hagee,pastor,85,41733.0,2025-01-03,0.291335
Michael_Lindsay-Hogg,film,85,41039.0,2025-01-03,0.294805
Stanley_Hauerwas,ethicist,85,40609.0,2025-01-03,0.296955
Gilbert_Shelton,artist,85,49368.0,2025-01-03,0.25316
Judy_Cornwell,actor,85,51357.0,2025-01-03,0.243215
John_Schuck,actor,85,51376.0,2025-01-03,0.24312
Brian_Bennett,composer,85,60168.5,2025-01-03,0.1991575
Connie_Mack_III,politician,85,66412.5,2025-01-03,0.1679375
Gary_Bartz,composer,85,66266.0,2025-01-03,0.16867
Joe_Gibbs,nascar,85,65225.5,2025-01-03,0.1738725
Charles_Fox_(composer),composer,85,63473.0,2025-01-03,0.182635
Andrew_Neiderman,screenwriter,85,63042.0,2025-01-03,0.18479
Zandra_Rhodes,designer,85,62872.0,2025-01-03,0.18564
David_Price_(American_politician),politician,85,61762.0,2025-01-03,0.19119
John_Esposito,professor,85,58663.5,2025-01-03,0.2066825
Carole_Ann_Ford,actor,85,51821.5,2025-01-03,0.2408925
Lonnie_Liston_Smith,composer,85,57888.0,2025-01-03,0.21056
Adam_Przeworski,political_scientist,85,57547.0,2025-01-03,0.212265
John_Irvin,film,85,57270.0,2025-01-03,0.21365
Joanna_Miles,actor,85,56294.5,2025-01-03,0.2185275
Graham_T._Allison,political_scientist,85,55279.0,2025-01-03,0.223605
David_Peoples,screenwriter,85,54359.0,2025-01-03,0.228205
Robert_S._Kaplan,economist,85,53594.0,2025-01-03,0.23203
Martin_Sheen,actor,85,1143.0,2025-01-03,0.494285
Deanna_Dunagan,actor,85,99629.5,2025-01-03,0.0018525
Richard_Shelby,politician,91,13888.0,2024-01-03,0.62856
Richard_Rhodes,historian,88,56701.0,2024-01-03,0.315495
James_Gill_(artist),painter,91,75356.0,2024-01-03,0.32122
Johnny_Tillotson,music,86,42485.5,2024-01-03,0.3205725
Joseph_P._Kerwin,physician,93,88809.0,2024-01-03,0.319955
Matt_Clark_(actor),actor,89,62422.0,2024-01-03,0.31989
Lynn_Carlin,actor,87,49290.0,2024-01-03,0.31955
Theodore_Edgar_McCarrick,prelate,95,26058.0,2024-01-03,0.69971
Leon_O._Chua,academic,89,62691.0,2024-01-03,0.318545
Jack_Daniels_(coach),athlete,92,82561.0,2024-01-03,0.318195
Max_Baer_Jr.,actor,88,56181.0,2024-01-03,0.318095
Jac_Holzman,entrepreneur,94,95839.0,2024-01-03,0.317805
Theodore_Zeldin,historian,92,82787.0,2024-01-03,0.317065
Kenneth_J._Gergen,psychologist,90,69621.0,2024-01-03,0.316895
Sheldon_Lee_Glashow,physicist,93,12818.0,2024-01-03,0.69991
Oliver_Ford_Davies,actor,86,43591.0,2024-01-03,0.315045
Stuart_Kauffman,biologist,86,45789.0,2024-01-03,0.304055
Stanley_Norman_Cohen,geneticist,90,69992.0,2024-01-03,0.31504
Robert_Benton,film,93,12178.0,2024-01-03,0.70311
Joseph_P._Allen,astronaut,88,56897.0,2024-01-03,0.314515
Joan_Blackman,actor,87,50445.0,2024-01-03,0.313775
Dee_Palmer,music,88,57071.0,2024-01-03,0.313645
Madeleine_Kunin,politician,92,83661.0,2024-01-03,0.312695
Rosey_Grier,actor,93,90263.0,2024-01-03,0.312685
David_Scott,astronaut,93,11897.0,2024-01-03,0.704515
Virginia_McKenna,actor,94,18230.0,2024-01-03,0.70585
Douglas_McIlroy,engineer,93,91048.0,2024-01-03,0.30876
Jon_Cypher,actor,93,91091.0,2024-01-03,0.308545
Ron_Atkinson,football,86,45278.0,2024-01-03,0.30661
Bradley_Efron,bioinformatician,87,51899.5,2024-01-03,0.3065025
Lou_Antonio,actor,91,75138.0,2024-01-03,0.32231
Jo_Anne_Worley,actor,88,55278.0,2024-01-03,0.32261
Jane_Yolen,writer,86,41911.0,2024-01-03,0.323445
Erin_Pizzey,writer,86,41788.0,2024-01-03,0.32406
Rita_R._Colwell,research,91,72817.5,2024-01-03,0.3339125
Peter_Lupus,actor,93,86148.0,2024-01-03,0.33326
Anita_Gillette,actor,89,59761.0,2024-01-03,0.333195
Nicholas_Grimshaw,architect,86,40074.0,2024-01-03,0.33263
Patrick_Godfrey,actor,92,79739.0,2024-01-03,0.332305
John_Guare,playwright,87,46755.0,2024-01-03,0.332225
Stella_Rimington,author,90,66599.5,2024-01-03,0.3320025
Quentin_Blake,writer,93,13453.0,2024-01-03,0.696735
Judith_Viorst,writer,94,93163.0,2024-01-03,0.331185
Tom_Skerritt,actor,92,6797.0,2024-01-03,0.697015
Kenneth_Copeland,actor,89,60231.0,2024-01-03,0.330845
John_Dean,attorney,87,47066.0,2024-01-03,0.33067
Flaco_JimÃ©nez,music,86,40499.0,2024-01-03,0.330505
Nanette_Newman,actor,91,73580.0,2024-01-03,0.3301
Christian_Wolff_(composer),composer,91,73733.5,2024-01-03,0.3293325
Melvyn_Bragg,screenwriter,86,40889.5,2024-01-03,0.3285525
Michael_Dukakis,politician,92,6788.5,2024-01-03,0.6970575
Doc_Severinsen,bandleader,98,46186.0,2024-01-03,0.69807
Carl_Gottlieb,screenwriter,87,47711.0,2024-01-03,0.327445
Joan_O'Brien,actor,89,60980.0,2024-01-03,0.3271
P._J._Proby,singer,87,47790.0,2024-01-03,0.32705
Elaine_May,actor,93,13087.0,2024-01-03,0.698565
Peter_Eisenman,architect,93,13015.0,2024-01-03,0.698925
Herbert_Boyer,research,89,61335.0,2024-01-03,0.325325
Pippa_Scott,actor,90,68025.0,2024-01-03,0.324875
Ruzena_Bajcsy,computer_scientist,92,81242.0,2024-01-03,0.32479
Sara_Dylan,actor,86,41749.0,2024-01-03,0.324255
William_G._Dever,anthropologist,92,85132.0,2024-01-03,0.30534
Douglas_Hurd,conservative,95,24600.0,2024-01-03,0.707
Reggie_Workman,music,88,65377.0,2024-01-03,0.272115
Mary_Jo_Catlett,actor,87,57186.0,2024-01-03,0.28007
Claudette_Colvin,civil_rights,86,49453.0,2024-01-03,0.285735
Bob_Schieffer,television,88,62682.0,2024-01-03,0.28559
John_H._Sununu,politician,86,49576.5,2024-01-03,0.2851175
Bridget_Riley,painter,94,13226.0,2024-01-03,0.73087
Houston_Person,music,91,82711.5,2024-01-03,0.2844425
Dominic_Chianese,singer,94,12978.0,2024-01-03,0.73211
Efraim_Halevy,diplomat,91,82860.0,2024-01-03,0.2837
Iris_Johansen,novelist,87,56660.0,2024-01-03,0.2827
Rod_Paige,politician,92,89785.5,2024-01-03,0.2820725
Anjanette_Comer,actor,86,50257.0,2024-01-03,0.281715
Neil_Abercrombie,politician,87,56874.0,2024-01-03,0.28163
Ann_Jones_(tennis),player,87,57025.0,2024-01-03,0.280875
William_Kennedy_(author),writer,97,32580.0,2024-01-03,0.7331
Zohra_Lampert,actor,88,63850.0,2024-01-03,0.27975
Raymond_Berry,football,92,85514.0,2024-01-03,0.30343
Robert_Eisenman,anthropologist,88,64184.0,2024-01-03,0.27808
Joanne_Greenberg,novelist,93,97209.5,2024-01-03,0.2779525
Mamie_Van_Doren,actor,94,12766.0,2024-01-03,0.73317
Joan_Bennett_Kennedy,pianist,89,71050.0,2024-01-03,0.27675
Dan_Rather,news_presenter,94,12672.0,2024-01-03,0.73364
Joel_Grey,singer,93,5052.0,2024-01-03,0.73874
Wavy_Gravy,comedian,89,71275.0,2024-01-03,0.275625
Hal_Rogers,politician,88,64777.0,2024-01-03,0.275115
Irvin_D._Yalom,psychiatrist,94,11011.0,2024-01-03,0.741945
Angela_Mortimer,player,93,97940.5,2024-01-03,0.2742975
Joel_Fabiani,actor,89,71781.0,2024-01-03,0.273095
John_Searle,philosopher,93,4209.0,2024-01-03,0.742955
Gene_Kranz,engineer,92,91668.5,2024-01-03,0.2726575
Dick_Clement,film,88,62636.0,2024-01-03,0.28582
Diane_Ladd,actor,93,6972.0,2024-01-03,0.72914
Michael_Schultz,film,87,55909.0,2024-01-03,0.286455
W._Michael_Blumenthal,political,99,46849.0,2024-01-03,0.727755
Anthony_Lake,political_scientist,86,45942.0,2024-01-03,0.30329
Laurence_Luckinbill,film,91,78964.5,2024-01-03,0.3031775
Barbara_Barrie,actor,94,16628.0,2024-01-03,0.71386
Lucy_R._Lippard,writer,88,59307.5,2024-01-03,0.3024625
Charles_Rangel,politician,95,22905.0,2024-01-03,0.715475
G._E._R._Lloyd,historian,92,85924.0,2024-01-03,0.30138
Richard_Harrison_(actor),actor,89,66262.0,2024-01-03,0.30069
Peter_Max,artist,88,59964.0,2024-01-03,0.29918
Michael_Deeley,film,93,93094.5,2024-01-03,0.2985275
William_Bell_(singer),singer,86,47042.5,2024-01-03,0.2977875
Don_King_(boxing_promoter),manslaughter,94,16183.0,2024-01-03,0.716085
Carol_Burnett,singer,92,2954.0,2024-01-03,0.71623
Gordon_S._Wood,historian,92,87048.0,2024-01-03,0.29576
Joan_Collins,actor,92,2330.0,2024-01-03,0.71935
GÃ¡bor_A._Somorjai,chemist,90,74075.5,2024-01-03,0.2946225
Grace_Napolitano,politician,89,67546.0,2024-01-03,0.29427
"Robert_Skidelsky,_Baron_Skidelsky",historian,86,47756.0,2024-01-03,0.29422
Buck_Taylor,actor,87,54473.5,2024-01-03,0.2936325
Bill_Anderson_(singer),singer,88,61100.5,2024-01-03,0.2934975
Gary_Raymond,actor,90,74328.0,2024-01-03,0.29336
Jeff_Barry,singer,87,54556.0,2024-01-03,0.29322
William_Browder_(mathematician),mathematician,91,81002.5,2024-01-03,0.2929875
Kim_Novak,actor,92,1968.5,2024-01-03,0.7211575
John_Milnor,mathematician,94,14850.0,2024-01-03,0.72275
Arthur_Butz,professor,92,88309.0,2024-01-03,0.289455
Phillip_Griffiths,mathematician,87,55474.0,2024-01-03,0.28863
Cynthia_Ozick,novelist,97,34300.0,2024-01-03,0.7245
Robert_A._M._Stern,architect,86,39756.0,2024-01-03,0.33422
Margaret_Hamilton_(scientist),computer_scientist,89,59534.0,2024-01-03,0.33433
John_Boorman,screenwriter,92,6944.5,2024-01-03,0.6962775
Kenneth_Colley,actor,88,46256.0,2024-01-03,0.36772
Ralph_E._Gomory,mathematician,96,97963.0,2024-01-03,0.373185
Louis_Farrakhan,religious,92,10485.0,2024-01-03,0.678575
Joan_Jonas,choreographer,89,51980.0,2024-01-03,0.3721
William_Bolcom,pianist,87,38810.0,2024-01-03,0.37195
Terry_Kiser,actor,86,32229.0,2024-01-03,0.371855
Bud_Selig,baseball,91,65266.0,2024-01-03,0.37167
Joseph_Wambaugh,writer,88,45510.0,2024-01-03,0.37145
Jane_Wagner,screenwriter,90,58729.0,2024-01-03,0.371355
Hampton_Fancher,actor,87,38997.0,2024-01-03,0.371015
Clarence_Carter,singer,89,52209.0,2024-01-03,0.370955
Tommy_Sands_(American_singer),singer,88,45977.0,2024-01-03,0.369115
John_Danforth,politician,89,52793.0,2024-01-03,0.368035
Israel_Kirzner,economist,95,29924.0,2024-01-03,0.68038
Daniel_Kleppner,physicist,93,79383.0,2024-01-03,0.367085
Paul_R._Ehrlich,lepidopterist,93,13555.0,2024-01-03,0.696225
Helen_Prejean,monk,86,33304.5,2024-01-03,0.3664775
Richard_Chamberlain,actor,91,3522.0,2024-01-03,0.68039
Michael_Hudson_(economist),economist,86,33391.0,2024-01-03,0.366045
Peter_H._Raven,botanist,89,53356.0,2024-01-03,0.36522
Jerry_Kramer,football,89,53382.0,2024-01-03,0.36509
Gloria_Steinem,journalist,91,3477.0,2024-01-03,0.680615
Rich_Little,impressionist,87,40243.0,2024-01-03,0.364785
James_E._Darnell,biologist,95,93123.5,2024-01-03,0.3643825
John_Cullum,screenwriter,95,29595.0,2024-01-03,0.682025
Will_Hutchins,actor,95,93251.0,2024-01-03,0.363745
Mason_Williams,music,87,40469.0,2024-01-03,0.363655
Andrew_Young,politician,93,16346.0,2024-01-03,0.68227
James_M._McPherson,historian,89,53713.5,2024-01-03,0.3634325
Robert_Adams_(photographer),photographer,88,45089.0,2024-01-03,0.373555
Hyman_Bass,mathematician,93,77965.0,2024-01-03,0.374175
Eddie_Floyd,singer,88,44903.0,2024-01-03,0.374485
Peter_Lovesey,writer,89,51485.0,2024-01-03,0.374575
RenÃ©e_Richards,player,91,61859.0,2024-01-03,0.388705
Antonia_Fraser,author,93,18083.0,2024-01-03,0.673585
Toshiko_Akiyoshi,bandleader,96,37758.0,2024-01-03,0.67421
Lawrence_Gordon_(producer),film,89,48720.0,2024-01-03,0.3884
William_Julius_Wilson,sociologist,90,55341.0,2024-01-03,0.388295
Mike_Ditka,football,86,29115.0,2024-01-03,0.387425
John_Negroponte,politician,86,29134.5,2024-01-03,0.3873275
George_M._Whitesides,chemist,86,29281.5,2024-01-03,0.3865925
Joseph_D._Pistone,crime,86,29414.0,2024-01-03,0.38593
Raymond_J._Barry,actor,86,29482.5,2024-01-03,0.3855875
Daniel_C._Tsui,physicist,86,29756.0,2024-01-03,0.38422
Peter_Kreeft,theologian,88,43086.0,2024-01-03,0.38357
Kathryn_Beaumont,actor,87,36510.0,2024-01-03,0.38345
Aidan_Chambers,playwright,91,62999.0,2024-01-03,0.383005
Nita_Lowey,politician,88,43261.5,2024-01-03,0.3826925
Roland_Burris,politician,88,43442.0,2024-01-03,0.38179
Frances_Fox_Piven,political_scientist,93,76752.0,2024-01-03,0.38024
Dick_Hyman,composer,98,50659.0,2024-01-03,0.675705
Stu_Phillips_(composer),composer,96,96717.0,2024-01-03,0.379415
Robert_Darnton,historian,86,30927.0,2024-01-03,0.378365
Arthur_Scargill,politician,87,37567.5,2024-01-03,0.3781625
Peggy_Seeger,singer,90,57370.0,2024-01-03,0.37815
Alice_Hirson,actor,96,96994.0,2024-01-03,0.37803
Susan_Flannery,actor,86,31108.0,2024-01-03,0.37746
Shirley_Jones,actor,91,4351.0,2024-01-03,0.676245
Chuck_Grassley,politician,92,10823.0,2024-01-03,0.676885
Dallin_H._Oaks,lawyer,93,77657.0,2024-01-03,0.375715
John_F._MacArthur,writer,86,34009.0,2024-01-03,0.362955
Alan_Walker_(musicologist),music,95,93415.0,2024-01-03,0.362925
Susan_Brownmiller,feminist,90,60417.0,2024-01-03,0.362915
Claire_Tomalin,author,92,76343.0,2024-01-03,0.349285
James_Burke_(science_historian),historian,89,56730.0,2024-01-03,0.34835
Clint_Hill_(Secret_Service),secret_service_agent,93,83142.0,2024-01-03,0.34829
John_Hopcroft,computer_scientist,86,37182.0,2024-01-03,0.34709
Irwin_Winkler,film,94,20777.0,2024-01-03,0.693115
Peter_Ueberroth,polo,88,50476.0,2024-01-03,0.34662
Ned_Jarrett,driver,93,83547.0,2024-01-03,0.346265
Edward_Gibson,astronaut,89,57262.0,2024-01-03,0.34569
Paul_Craig_Roberts,economist,86,37481.0,2024-01-03,0.345595
Jim_McDermott,politician,89,57695.0,2024-01-03,0.343525
Neal_Ascherson,essayist,93,84099.0,2024-01-03,0.343505
George_Coleman,music,90,64438.0,2024-01-03,0.34281
Ray_Stevens,singer,86,38062.0,2024-01-03,0.34269
John_Leyton,actor,90,64498.0,2024-01-03,0.34251
Robert_Shaye,film,86,38131.0,2024-01-03,0.342345
Porter_Goss,politician,87,44785.0,2024-01-03,0.342075
Jane_Elliott,activist,92,77809.0,2024-01-03,0.341955
Alvin_Plantinga,theologian,93,13702.0,2024-01-03,0.69549
Samuel_Bowles_(economist),economist,89,58030.0,2024-01-03,0.34185
Michael_Bell_(actor),actor,87,44916.0,2024-01-03,0.34142
Frank_Serpico,police,89,58132.0,2024-01-03,0.34134
Richard_Petty,nascar,88,51564.0,2024-01-03,0.34118
Hubert_Laws,music,86,38386.0,2024-01-03,0.34107
Michael_Fairman,actor,91,71549.0,2024-01-03,0.340255
Joel_Meyerowitz,photographer,87,45353.0,2024-01-03,0.339235
David_Zinman,conductor,89,58570.0,2024-01-03,0.33915
Nikolai_Tolstoy,writer,90,65177.0,2024-01-03,0.339115
Richard_Lester,film,93,13667.0,2024-01-03,0.695665
Fred_Alan_Wolf,physicist,91,69822.0,2024-01-03,0.34889
Brian_Auger,pianist,86,36737.0,2024-01-03,0.349315
"Richard_Layard,_Baron_Layard",economist,91,67205.0,2024-01-03,0.361975
Kit_Bond,politician,86,36698.0,2024-01-03,0.34951
Rudy_Boschwitz,politician,95,93715.5,2024-01-03,0.3614225
Bruce_Babbitt,politician,87,41115.5,2024-01-03,0.3604225
Jackie_Joseph,actor,91,67619.0,2024-01-03,0.359905
Kevin_Brownlow,film,87,41238.0,2024-01-03,0.35981
Jerry_Hardin,actor,96,35450.5,2024-01-03,0.6857475
Viva_(actress),actor,87,41351.0,2024-01-03,0.359245
Peter_Blake_(artist),painter,93,15358.0,2024-01-03,0.68721
Pema_ChÃ¶drÃ¶n,writer,89,54764.0,2024-01-03,0.35818
Julie_Newmar,singer,92,8246.0,2024-01-03,0.68977
Jane_Goodall,zoologist,91,1357.0,2024-01-03,0.691215
Larry_Peerce,film,95,94554.0,2024-01-03,0.35723
Bruce_Alberts,biochemist,87,41782.0,2024-01-03,0.35709
Wanda_Ventham,actor,90,61744.5,2024-01-03,0.3562775
Wendy_Craig,actor,91,68352.0,2024-01-03,0.35624
Barbara_Bain,actor,94,21104.0,2024-01-03,0.69148
James_Tolkan,actor,94,21052.0,2024-01-03,0.69174
Talal_Asad,anthropologist,92,75197.0,2024-01-03,0.355015
Jim_Steranko,artist,87,42238.0,2024-01-03,0.35481
Michael_Gazzaniga,psychologist,86,35640.0,2024-01-03,0.3548
Phil_Roman,animator,95,95250.0,2024-01-03,0.35375
Matthew_Carter,designer,88,49268.0,2024-01-03,0.35266
Bob_Dishy,actor,91,69255.0,2024-01-03,0.351725
John_Neumeier,choreographer,86,36341.0,2024-01-03,0.351295
Roger_McGough,author,88,49569.0,2024-01-03,0.351155
Bill_Gaither_(gospel_singer),singer,89,56174.0,2024-01-03,0.35113
David_Kaplan_(philosopher),philosopher,92,76005.0,2024-01-03,0.350975
Marla_Gibbs,singer,94,20965.0,2024-01-03,0.692175
Geoffrey_Horne,actor,92,91741.0,2024-01-03,0.272295
Tak_Fujimoto,cinema,86,52305.0,2024-01-03,0.271475
Yvon_Chouinard,mountaineer,87,35197.0,2024-01-03,0.390015
Henry_Jaglom,actor,87,85396.0,2024-01-03,0.13902
Bob_Lilly,football,86,76370.0,2024-01-03,0.15115
Tony_Ross,writer,87,82977.0,2024-01-03,0.151115
Maury_Povich,presenter,86,76413.0,2024-01-03,0.150935
Martin_Sherman,screenwriter,87,83250.0,2024-01-03,0.14975
Joe_Alves,film,89,96624.0,2024-01-03,0.14888
Tony_Anthony_(actor),actor,88,90055.0,2024-01-03,0.148725
Lisa_Lu,music,98,27809.5,2024-01-03,0.7899525
Janette_Scott,actor,87,84238.0,2024-01-03,0.14481
"Caroline_Cox,_Baroness_Cox",politician,88,90997.0,2024-01-03,0.144015
Marty_Wilde,singer,86,77846.0,2024-01-03,0.14377
Michael_Edwards_(literary_scholar),writer,87,85020.5,2024-01-03,0.1408975
Bill_Watts,wrestler,86,78542.0,2024-01-03,0.14029
Alex_Katz,painter,98,27541.5,2024-01-03,0.7912925
Philippe_de_Montebello,art_historian,89,98618.0,2024-01-03,0.13891
Connie_Mason,actor,88,96938.0,2024-01-03,0.11431
Denis_Noble,biologist,89,98708.5,2024-01-03,0.1384575
Ted_Kaufman,politician,86,79006.5,2024-01-03,0.1379675
Vera_Miles,actor,95,7031.0,2024-01-03,0.794845
Lawrence_Schiller,film,89,99732.0,2024-01-03,0.13334
Albert_Mehrabian,psychologist,86,80176.0,2024-01-03,0.13212
Arthur_Jaffe,mathematician,88,93376.5,2024-01-03,0.1321175
Kim_Weston,singer,86,80511.0,2024-01-03,0.130445
Bailey_Howell,basket,88,94160.0,2024-01-03,0.1282
Satch_Sanders,basket,87,88474.0,2024-01-03,0.12363
Michael_Fried,art_historian,86,82264.0,2024-01-03,0.12168
Len_Deighton,writer,96,13010.0,2024-01-03,0.79795
Frank_McLintock,football,86,82406.0,2024-01-03,0.12097
Christina_Crawford,actor,86,83172.0,2024-01-03,0.11714
Thomas_Sowell,economist,95,8435.0,2024-01-03,0.787825
Solomon_H._Snyder,neuroscientist,87,82534.0,2024-01-03,0.15333
Jimmie_Nicol,music,86,75776.0,2024-01-03,0.15412
Quinlan_Terry,architect,88,88221.0,2024-01-03,0.157895
Carol_Morris,model,89,89702.5,2024-01-03,0.1834875
John_Astin,actor,95,9734.0,2024-01-03,0.78133
Chuck_Robb,politician,86,70175.5,2024-01-03,0.1821225
James_Bolam,actor,90,97083.0,2024-01-03,0.179585
Robin_Hartshorne,mathematician,87,77315.0,2024-01-03,0.179425
Lawrence_Pressman,film,86,70985.0,2024-01-03,0.178075
Barry_Cunliffe,anthropologist,86,71412.5,2024-01-03,0.1759375
BarBara_Luna,actor,86,71565.0,2024-01-03,0.175175
Joan_Tower,conductor,87,78195.0,2024-01-03,0.175025
Gary_Snyder,poet,95,9571.0,2024-01-03,0.782145
Nancy_Coover_Andreasen,psychiatrist,87,78591.0,2024-01-03,0.173045
Jack_R._Lousma,aeronautical,89,91802.0,2024-01-03,0.17299
Tommy_Tune,choreographer,86,72161.5,2024-01-03,0.1721925
Rita_Moreno,singer,94,2795.5,2024-01-03,0.7830225
Roger_Penrose,mathematician,94,2566.0,2024-01-03,0.78417
Charles_Tart,psychologist,88,86261.0,2024-01-03,0.167695
Bradford_Parkinson,engineer,90,99688.0,2024-01-03,0.16656
Luis_Rafael_SÃ¡nchez,novelist,89,93257.0,2024-01-03,0.165715
Billy_Boy_Arnold,singer,90,99984.0,2024-01-03,0.16508
Benjamin_Zander,conductor,86,74316.5,2024-01-03,0.1614175
Tom_Flores,coach,88,87529.0,2024-01-03,0.161355
Marian_Wright_Edelman,lawyer,86,74359.0,2024-01-03,0.161205
Marion_Ross,actor,97,21658.0,2024-01-03,0.78771
Renata_Adler,novelist,87,81143.0,2024-01-03,0.160285
Tony_Darrow,actor,87,81148.0,2024-01-03,0.16026
Keith_Ward,theologian,87,81244.5,2024-01-03,0.1597775
John_Kingman,mathematician,86,74927.0,2024-01-03,0.158365
Gerald_Holton,physicist,103,59012.0,2024-01-03,0.79894
Dan_Burton,politician,87,90533.5,2024-01-03,0.1133325
"Norman_Fowler,_Baron_Fowler",politician,87,58977.0,2024-01-03,0.271115
Michael_Wadleigh,film,86,99936.0,2024-01-03,0.03332
Eric_Kandel,neurologist,96,6310.0,2024-01-03,0.83145
Terry_Paine,football,86,95856.0,2024-01-03,0.05372
Ann_Blyth,actor,97,12880.0,2024-01-03,0.8316
Elias_James_Corey,chemist,97,12202.0,2024-01-03,0.83499
Jake_Holmes,singer,86,97568.0,2024-01-03,0.04516
Paula_Gosling,novelist,86,97837.0,2024-01-03,0.043815
Marco_St._John,actor,86,98198.0,2024-01-03,0.04201
Tom_Lehrer,singer,97,11345.0,2024-01-03,0.839275
Desmond_Morris,zoologist,97,10112.5,2024-01-03,0.8454375
Roger_Kellaway,composer,86,98970.0,2024-01-03,0.03815
Thomas_McGuane,writer,86,99490.0,2024-01-03,0.03555
James_Ivory,film,97,7512.0,2024-01-03,0.85844
Stephen_H._Burum,cinema,86,99839.0,2024-01-03,0.033805
Vernon_L._Smith,economist,98,13942.5,2024-01-03,0.8592875
Larry_Bryggman,actor,87,90602.5,2024-01-03,0.1129875
Bob_Cousy,basket,97,6199.0,2024-01-03,0.865005
Priscilla_Pointer,actor,101,31577.0,2024-01-03,0.870115
William_Daniels,actor,98,11156.0,2024-01-03,0.87322
Jim_Lovell,officer,97,3559.0,2024-01-03,0.878205
Estelle_Parsons,singer,98,9621.0,2024-01-03,0.880895
Rosemary_Harris,actor,98,8617.0,2024-01-03,0.885915
Leontyne_Price,singer,98,7952.0,2024-01-03,0.88924
James_Watson,biologist,97,1228.5,2024-01-03,0.8898575
Rudolph_A._Marcus,chemist,102,33186.0,2024-01-03,0.89507
Lee_Grant,film,98,4894.0,2024-01-03,0.90453
June_Lockhart,actor,100,16018.0,2024-01-03,0.91491
Ray_Anthony,actor,103,30936.0,2024-01-03,0.93932
Alan_Greenspan,economist,99,3670.0,2024-01-03,0.94365
Tony_Asher,songwriter,86,94897.0,2024-01-03,0.058515
Gene_Hackman,actor,95,1114.0,2024-01-03,0.82443
Buzz_Aldrin,astronaut,95,1147.0,2024-01-03,0.824265
Alasdair_MacIntyre,philosopher,96,8065.0,2024-01-03,0.822675
Patricia_Routledge,actor,96,12741.0,2024-01-03,0.799295
Jasper_Johns,painter,95,5133.0,2024-01-03,0.804335
Paul_Dooley,actor,97,18304.0,2024-01-03,0.80448
Dave_Obey,politician,87,91846.0,2024-01-03,0.10677
John_Kander,composer,98,24886.0,2024-01-03,0.80457
Sonny_Rollins,composer,95,4936.0,2024-01-03,0.80532
Louis_Hayes,music,88,99014.5,2024-01-03,0.1039275
David_Aaker,economist,87,92428.0,2024-01-03,0.10386
Jon_Halliday,historian,86,86101.0,2024-01-03,0.102495
Robert_Wagner,actor,95,4068.0,2024-01-03,0.80966
Berry_Gordy,producer,96,9905.0,2024-01-03,0.813475
Gordon_Milne,football,88,99725.0,2024-01-03,0.100375
Jim_Hunt,politician,88,99868.0,2024-01-03,0.09966
Tippi_Hedren,actor,95,2848.0,2024-01-03,0.81576
Larry_Bell_(artist),sculptor,86,88160.0,2024-01-03,0.0922
Joanne_Woodward,actor,95,2407.0,2024-01-03,0.817965
William_Perry,politician,98,22150.0,2024-01-03,0.81825
Mike_Castle,politician,86,89081.5,2024-01-03,0.0875925
Clive_Wearing,conductor,87,96413.0,2024-01-03,0.083935
John_Berendt,writer,86,90317.0,2024-01-03,0.081415
Tom_Meschery,basket,87,97890.0,2024-01-03,0.07655
Robert_Swindells,writer,86,91314.5,2024-01-03,0.0764275
James_E._Gunn_(astronomer),astronomer,87,98191.0,2024-01-03,0.075045
Cleo_Laine,actor,98,21818.0,2024-01-03,0.81991
Ben_Cayetano,politician,86,91997.0,2024-01-03,0.073015
James_Fargo,film,87,98733.0,2024-01-03,0.072335
James_Hong,actor,96,8313.0,2024-01-03,0.821435
Lou_Holtz,football,88,82901.5,2024-01-03,0.1844925
David_A._Kolb,education,86,69676.5,2024-01-03,0.1846175
Angie_Dickinson,actor,94,4340.5,2024-01-03,0.7752975
John_W._Snow,politician,86,58421.5,2024-01-03,0.2408925
Michael_Posner_(psychologist),psychologist,89,77035.0,2024-01-03,0.246825
Eva_Rubinstein,photographer,92,96917.0,2024-01-03,0.246415
John_Harbison,composer,87,64120.0,2024-01-03,0.2454
Dick_Richards,film,89,77344.5,2024-01-03,0.2452775
Ken_Blanchard,author,86,57611.0,2024-01-03,0.244945
Howard_Blake,composer,87,64238.0,2024-01-03,0.24481
Candace_Hilligoss,actor,90,84115.0,2024-01-03,0.244425
Robert_Jay_Lifton,psychiatrist,99,42808.5,2024-01-03,0.7479575
June_Squibb,actor,96,22744.0,2024-01-03,0.74928
Lewis_Teague,film,87,64604.0,2024-01-03,0.24298
Waris_Hussein,film,87,64621.0,2024-01-03,0.242895
Ed_Sanders,music,86,58145.0,2024-01-03,0.242275
Gene_Chandler,songwriter,88,71528.0,2024-01-03,0.24136
Lois_Smith,actor,95,15975.0,2024-01-03,0.750125
Joyce_Johnson,novelist,90,96005.0,2024-01-03,0.184975
Robin_Knox-Johnston,explorer,86,58585.0,2024-01-03,0.240075
Vija_Celmins,painter,87,65221.0,2024-01-03,0.239895
Doug_Kershaw,music,89,78430.0,2024-01-03,0.23985
Karl_E._Weick,psychologist,89,78572.0,2024-01-03,0.23914
Julian_Barbour,physicist,88,72041.0,2024-01-03,0.238795
Jack_Taylor_(actor),actor,89,78689.0,2024-01-03,0.238555
Jerry_Butler,music,86,58903.0,2024-01-03,0.238485
Josh_McDowell,christian_apologist,86,58912.0,2024-01-03,0.23844
Louis_Wade_Sullivan,politician,92,98644.0,2024-01-03,0.23778
Sal_Buscema,artist,89,79095.0,2024-01-03,0.236525
Henry_Waxman,politician,86,59408.0,2024-01-03,0.23596
John_A._Russo,screenwriter,86,59707.0,2024-01-03,0.234465
Shani_Wallis,singer,92,99437.0,2024-01-03,0.233815
Wayne_Embry,basket,88,70384.5,2024-01-03,0.2470775
Teresa_Heinz,philanthropist,87,63735.0,2024-01-03,0.247325
Carroll_Ballard,film,88,70076.0,2024-01-03,0.24862
Martina_Arroyo,singer,89,76002.0,2024-01-03,0.25199
Lois_Capps,politician,87,59073.0,2024-01-03,0.270635
Gary_Conway,actor,89,72395.0,2024-01-03,0.270025
Jonathan_Tunick,composer,87,59467.0,2024-01-03,0.268665
Richard_E._Stearns,computer_scientist,89,72695.0,2024-01-03,0.268525
Paul_Stookey,music,88,66214.0,2024-01-03,0.26793
Satsvarupa_dasa_Goswami,poet,86,53318.0,2024-01-03,0.26641
Barry_Primus,screenwriter,87,60325.0,2024-01-03,0.264375
Svetlana_Alpers,art_historian,89,73659.5,2024-01-03,0.2637025
"Kenneth_Baker,_Baron_Baker_of_Dorking",politician,91,86861.0,2024-01-03,0.263695
Robert_Alter,scholar,90,80383.0,2024-01-03,0.263085
James_Petras,sociologist,88,67495.0,2024-01-03,0.261525
Steve_Kuhn,pianist,87,61071.5,2024-01-03,0.2606425
Cecil_McBee,music,90,80943.0,2024-01-03,0.260285
Kevin_Connor_(director),film,88,67748.0,2024-01-03,0.26026
Philip_Kotler,economist,94,10748.0,2024-01-03,0.74326
Tom_Osborne,football,88,68024.0,2024-01-03,0.25888
Mary_Peters_(athlete),athletic,86,54830.5,2024-01-03,0.2588475
Philip_Anschutz,business,86,54997.0,2024-01-03,0.258015
John_Harvey_(author),writer,87,61791.0,2024-01-03,0.257045
Robert_Mangold,painter,88,68461.5,2024-01-03,0.2566925
Richard_Schechner,theatre,91,88336.0,2024-01-03,0.25632
Charles_Wright_(poet),writer,90,81776.0,2024-01-03,0.25612
Freddy_Cannon,singer,86,55435.0,2024-01-03,0.255825
Ketty_Lester,actor,91,88750.5,2024-01-03,0.2542475
Petula_Clark,actor,93,3530.0,2024-01-03,0.74635
Gary_U.S._Bonds,singer,86,55881.0,2024-01-03,0.253595
Jerry_Schatzberg,screenwriter,98,36446.0,2024-01-03,0.74677
John_Poindexter,officer,89,79941.5,2024-01-03,0.2322925
Jeremiah_P._Ostriker,astronomer,88,73375.0,2024-01-03,0.232125
Bernie_Ecclestone,business,95,15811.0,2024-01-03,0.750945
James_Baker,political,95,13220.0,2024-01-03,0.7639
Patrick_Robinson_(author),writer,86,64660.0,2024-01-03,0.2097
Gary_Chapman_(author),pastor,87,71416.0,2024-01-03,0.20892
Sonny_Curtis,singer,88,78071.0,2024-01-03,0.208645
Ricky_Tomlinson,actor,86,64946.0,2024-01-03,0.20827
Mike_Mainieri,composer,87,71614.0,2024-01-03,0.20793
Terry_Moore_(actress),actor,96,19524.0,2024-01-03,0.76538
Frank_Converse,actor,87,72001.0,2024-01-03,0.205995
Manuel_Blum,computer_scientist,87,72116.0,2024-01-03,0.20542
John_C._Wells,linguist,86,65591.0,2024-01-03,0.205045
Tony_Harrison,poet,88,78931.5,2024-01-03,0.2043425
James_Glimm,mathematician,91,98906.0,2024-01-03,0.20347
Richard_Zare,chemist,86,65916.0,2024-01-03,0.20342
Paul_Winter,composer,86,66226.5,2024-01-03,0.2018675
David_Jenkins_(figure_skater),skater,89,86375.0,2024-01-03,0.200125
"Christopher_Tugendhat,_Baron_Tugendhat",politician,88,79888.5,2024-01-03,0.1995575
Claire_Bloom,actor,94,5897.0,2024-01-03,0.767515
Tony_Hatch,composer,86,67141.0,2024-01-03,0.197295
John_W._Dower,author,87,74646.0,2024-01-03,0.19277
Mary_Ann_Glendon,diplomat,87,74759.5,2024-01-03,0.1922025
Ric_O'Barry,activist,86,68178.0,2024-01-03,0.19211
Nancy_Olson,actor,97,24942.0,2024-01-03,0.77129
Cleve_Moler,mathematician,86,68394.0,2024-01-03,0.19103
Ian_Underwood,music,86,68714.5,2024-01-03,0.1894275
Tom_Monaghan,entrepreneur,88,82243.5,2024-01-03,0.1877825
Alan_Ford_(actor),actor,87,75656.0,2024-01-03,0.18772
Carroll_Baker,actor,94,4958.0,2024-01-03,0.77221
Peter_Bonerz,film,87,76119.5,2024-01-03,0.1854025
Otto_F._Kernberg,psychiatrist,97,26171.0,2024-01-03,0.765145
Adam_Greenberg_(cinematographer),cinema,86,64142.0,2024-01-03,0.21229
Colin_Thubron,writer,86,60313.0,2024-01-03,0.231435
Ralph_Gibson,photographer,86,64131.0,2024-01-03,0.212345
Alfred_Uhry,librettist,89,80198.0,2024-01-03,0.23101
Steven_Rose,biologist,87,67352.5,2024-01-03,0.2292375
Martha_Layne_Collins,politician,89,80572.0,2024-01-03,0.22914
Frederick_Wiseman,film,95,15177.0,2024-01-03,0.754115
Dick_Vitale,basket,86,61194.0,2024-01-03,0.22703
Henry_Kamen,historian,89,81288.0,2024-01-03,0.22556
Edwin_Frederick_O'Brien,cardinal,87,68124.0,2024-01-03,0.22538
John_M._Deutch,chemist,87,68272.0,2024-01-03,0.22464
William_Kotzwinkle,screenwriter,87,68464.5,2024-01-03,0.2236775
Ellen_Burstyn,actor,93,1943.0,2024-01-03,0.754285
Nicky_Cruz,evangelist,87,68543.0,2024-01-03,0.223285
Ellen_Taaffe_Zwilich,composer,86,62061.0,2024-01-03,0.222695
Marlo_Morgan,novelist,88,75271.0,2024-01-03,0.222645
Leroy_Hood,biologist,87,68926.0,2024-01-03,0.22137
Robert_Hooks,actor,88,75847.5,2024-01-03,0.2197625
Peter_Breggin,psychiatrist,89,82476.0,2024-01-03,0.21962
Justin_Francis_Rigali,cardinal,90,89206.0,2024-01-03,0.21897
Danny_Thompson,bassist,86,62832.5,2024-01-03,0.2188375
Stephen_Smale,mathematician,95,15052.0,2024-01-03,0.75474
Dennis_DeConcini,politician,88,76396.0,2024-01-03,0.21702
Neil_Sloane,mathematician,86,63332.0,2024-01-03,0.21634
Joe_Pytka,film,87,69996.0,2024-01-03,0.21602
Jerry_Colangelo,basket,86,63404.0,2024-01-03,0.21598
Barry_De_Vorzon,composer,91,96432.0,2024-01-03,0.21584
Simone_Forti,composer,90,89937.0,2024-01-03,0.215315
Del_Harris,basket,88,76919.0,2024-01-03,0.214405
Barbara_Eden,actor,94,7134.0,2024-01-03,0.76133
Bill_Mazeroski,baseball,89,48647.0,2024-01-03,0.388765
John_McPhee,writer,94,81352.0,2024-01-03,0.39024
Charles_Strouse,composer,97,53744.0,2024-01-03,0.62728
William_Devane,actor,88,14152.5,2024-01-03,0.5282375
Lois_Lowry,writer,88,12801.0,2024-01-03,0.534995
Seymour_Hersh,journalist,88,12825.0,2024-01-03,0.534875
Marlo_Thomas,producer,88,12862.5,2024-01-03,0.5346875
Robert_Woodrow_Wilson,astronomer,89,19494.0,2024-01-03,0.53453
Anne_Reid,actor,90,26123.0,2024-01-03,0.534385
Margaret_O'Brien,actor,88,13023.0,2024-01-03,0.533885
Lester_R._Brown,agronomist,91,32927.0,2024-01-03,0.533365
Pat_Buchanan,conservative,87,6890.0,2024-01-03,0.53155
Oscar_Robertson,basket,87,7016.0,2024-01-03,0.53092
Robert_Gallo,virologist,88,13714.0,2024-01-03,0.53043
Ron_Carter,cellist,88,13804.0,2024-01-03,0.52998
Milan_PaniÄ,business,96,66677.0,2024-01-03,0.529615
Bobby_Bare,singer,90,27180.0,2024-01-03,0.5291
Wanda_Jackson,singer,88,14252.0,2024-01-03,0.52774
David_Burke_(British_actor),actor,91,35218.0,2024-01-03,0.52191
Stephen_Breyer,lawyer,87,7659.0,2024-01-03,0.527705
James_Lee_Burke,writer,89,20936.0,2024-01-03,0.52732
Alan_Garner,writer,91,34219.5,2024-01-03,0.5269025
Robert_Fuller_(actor),actor,92,41033.0,2024-01-03,0.525835
Dick_Cavett,actor,89,21319.5,2024-01-03,0.5254025
Ruth_Buzzi,actor,89,21345.5,2024-01-03,0.5252725
Alan_Dershowitz,lawyer,87,8286.0,2024-01-03,0.52457
Riane_Eisler,anthropologist,94,54543.0,2024-01-03,0.524285
Susan_Kohner,actor,89,21587.0,2024-01-03,0.524065
Harvey_Keitel,actor,86,1979.0,2024-01-03,0.523105
Pat_Roberts,politician,89,21826.0,2024-01-03,0.52287
Michael_Kahn_(film_editor),film,90,28506.0,2024-01-03,0.52247
Gerhard_Weinberg,historian,97,74739.0,2024-01-03,0.522305
Story_Musgrave,astronaut,90,25994.0,2024-01-03,0.53503
Chris_Bonington,mountaineer,91,32509.0,2024-01-03,0.535455
Anthony_Zerbe,actor,89,19246.0,2024-01-03,0.53577
Ralph_Bakshi,film,87,5903.0,2024-01-03,0.536485
Charles_Duke,astronaut,90,22760.5,2024-01-03,0.5511975
Samuel_C._C._Ting,physicist,89,16383.0,2024-01-03,0.550085
Joyce_Carol_Oates,playwright,87,3388.0,2024-01-03,0.54906
Derek_Jacobi,actor,87,3427.5,2024-01-03,0.5488625
Michael_Craig_(actor),actor,97,69580.0,2024-01-03,0.5481
Susan_Cooper,writer,90,23457.0,2024-01-03,0.547715
Jerry_Brown,politician,87,3834.0,2024-01-03,0.54683
Tom_Atkins_(actor),actor,90,23670.0,2024-01-03,0.54665
Terence_Stamp,actor,87,3925.5,2024-01-03,0.5463725
Christina_Pickles,actor,90,23842.0,2024-01-03,0.54579
Frank_Langella,actor,87,4110.0,2024-01-03,0.54545
Steven_Berkoff,actor,88,10770.0,2024-01-03,0.54515
Ben_Nighthorse_Campbell,politician,92,37203.0,2024-01-03,0.544985
Jamie_Farr,comedian,91,30841.0,2024-01-03,0.543795
Connie_Francis,singer,87,4491.5,2024-01-03,0.5435425
Anthony_Giddens,sociologist,87,4519.0,2024-01-03,0.543405
Roald_Hoffmann,chemist,88,11223.5,2024-01-03,0.5428825
E._D._Hirsch,literary,97,70756.5,2024-01-03,0.5422175
Elliott_Gould,actor,87,4843.0,2024-01-03,0.541785
Frederick_Forsyth,writer,87,5013.0,2024-01-03,0.540935
Ted_Turner,entrepreneur,87,5152.5,2024-01-03,0.5402375
H._D._Deve_Gowda,politician,92,38343.0,2024-01-03,0.539285
Peter_Brown_(historian),historian,90,25269.0,2024-01-03,0.538655
Terry_Gibbs,bandleader,101,97891.5,2024-01-03,0.5385425
Sheila_Jordan,music,97,71687.0,2024-01-03,0.537565
Anita_Desai,writer,88,12354.5,2024-01-03,0.5372275
John_Standing,actor,91,32298.0,2024-01-03,0.53651
Don_McCullin,biographer,90,28575.0,2024-01-03,0.522125
Peter_Arnett,journalist,91,35309.0,2024-01-03,0.521455
Dave_Grusin,composer,91,13840.5,2024-01-03,0.6287975
Jack_McDevitt,writer,90,32639.5,2024-01-03,0.5018025
George_Hamilton_(actor),film,86,5358.0,2024-01-03,0.50621
Jay_Rockefeller,politician,88,18667.0,2024-01-03,0.505665
Richard_Beymer,actor,87,12081.0,2024-01-03,0.505595
Richard_Benjamin,film,87,12093.5,2024-01-03,0.5055325
Peter_Watkins,film,90,32091.0,2024-01-03,0.504545
James_Dobson,psychologist,89,25658.0,2024-01-03,0.50371
J._Michael_Bishop,biologist,89,25712.0,2024-01-03,0.50344
Peter_Hirsch,physicist,100,98321.5,2024-01-03,0.5033925
Scott_Glenn,actor,86,5931.0,2024-01-03,0.503345
Judy_Parfitt,actor,90,32398.0,2024-01-03,0.50301
Martha_Grimes,writer,94,58909.0,2024-01-03,0.502455
Carol_Lawrence,actor,93,52378.5,2024-01-03,0.5021075
Ronny_Cox,actor,87,12798.0,2024-01-03,0.50201
Tom_Paxton,singer,88,19609.0,2024-01-03,0.500955
Joseph_Nye,political_scientist,88,15677.0,2024-01-03,0.520615
Ali_MacGraw,actor,86,6479.0,2024-01-03,0.500605
Neil_Sedaka,singer,86,6580.0,2024-01-03,0.5001
Jake_Garn,politician,93,52790.0,2024-01-03,0.50005
Rainer_Weiss,physicist,93,53134.0,2024-01-03,0.49833
Lawrence_Block,writer,87,13630.0,2024-01-03,0.49785
Grace_Slick,singer,86,7122.5,2024-01-03,0.4973875
Diana_Muldaur,actor,87,13746.0,2024-01-03,0.49727
Tommy_Steele,singer,89,27026.0,2024-01-03,0.49687
Bill_Moyers,journalist,91,40364.0,2024-01-03,0.49618
Ted_Nelson,philosopher,88,20631.0,2024-01-03,0.495845
Roger_Norrington,conductor,91,40460.0,2024-01-03,0.4957
Shirley_Eaton,actor,88,20759.5,2024-01-03,0.4952025
Frederic_Raphael,actor,94,60519.0,2024-01-03,0.494405
Jayant_Narlikar,physicist,87,11949.0,2024-01-03,0.506255
Michael_Moorcock,novelist,86,5296.0,2024-01-03,0.50652
Bobby_Seale,activist,89,24685.0,2024-01-03,0.508575
Nick_Clooney,journalist,91,37868.0,2024-01-03,0.50866
F._Murray_Abraham,actor,86,2515.0,2024-01-03,0.520425
Gerald_Scarfe,caricaturist,89,22462.0,2024-01-03,0.51969
Leon_Panetta,politician,87,9272.0,2024-01-03,0.51964
Richard_M._Karp,mathematician,90,29157.5,2024-01-03,0.5192125
Loretta_Swit,actor,88,15972.0,2024-01-03,0.51914
Lily_Tomlin,actor,86,2840.0,2024-01-03,0.5188
"Katharine,_Duchess_of_Kent",royal_family,92,42471.0,2024-01-03,0.518645
Larry_Lieber,artist,94,55760.0,2024-01-03,0.5182
Archie_Shepp,composer,88,16231.0,2024-01-03,0.517845
Gilbert_Strang,mathematician,91,36110.0,2024-01-03,0.51745
Hamilton_O._Smith,biologist,94,56365.0,2024-01-03,0.515175
Eugene_Braunwald,cardiologist,96,69728.0,2024-01-03,0.51436
Connie_Stevens,film,87,10472.0,2024-01-03,0.51364
"Princess_Alexandra,_The_Honourable_Lady_Ogilvy",queen,89,23740.0,2024-01-03,0.5133
Edward_Ruscha,painter,88,17230.0,2024-01-03,0.51285
Carol_Gilligan,psychologist,89,24030.0,2024-01-03,0.51185
Derek_Bok,education,95,63685.0,2024-01-03,0.511575
Larry_Niven,writer,87,10960.0,2024-01-03,0.5112
Bruce_Glover,actor,93,50600.0,2024-01-03,0.511
Jackie_Stewart,racing,86,4424.0,2024-01-03,0.51088
Stanley_G._Payne,historian,91,37505.5,2024-01-03,0.5104725
Michael_Parenti,political_scientist,92,44111.0,2024-01-03,0.510445
Garrett_Morris,actor,88,17840.0,2024-01-03,0.5098
Meredith_Belbin,scientist,99,90585.0,2024-01-03,0.509075
David_Baltimore,virologist,87,11399.0,2024-01-03,0.509005
Harris_Yulin,actor,88,18002.0,2024-01-03,0.50899
Judea_Pearl,computer_scientist,89,24604.0,2024-01-03,0.50898
Thomas_Nagel,philosopher,88,9361.5,2024-01-03,0.5521925
Ray_Cooney,playwright,93,42275.0,2024-01-03,0.552625
Lee_Friedlander,photographer,91,29053.0,2024-01-03,0.552735
Constance_Towers,singer,92,27304.0,2024-01-03,0.59448
Jean_Marsh,screenwriter,91,18911.0,2024-01-03,0.603445
Nicholas_Pileggi,writer,92,25517.0,2024-01-03,0.603415
Buddy_Guy,guitar,89,5722.0,2024-01-03,0.60339
Engelbert_Humperdinck_(singer),singer,89,5779.0,2024-01-03,0.603105
Helen_Merrill,singer,95,45759.0,2024-01-03,0.601205
Charles_Koch,business,90,12965.0,2024-01-03,0.600175
David_Lee_(physicist),physicist,94,39681.0,2024-01-03,0.598595
Richard_Estes,painter,93,33111.0,2024-01-03,0.598445
Penelope_Lively,writer,92,26659.0,2024-01-03,0.597705
La_Monte_Young,composer,90,13587.0,2024-01-03,0.597065
James_B._Harris,film,97,59893.0,2024-01-03,0.596535
Caroline_Graham,screenwriter,94,40231.0,2024-01-03,0.595845
HÃ©ctor_Elizondo,actor,89,7241.0,2024-01-03,0.595795
Lee_Meriwether,actor,90,14104.0,2024-01-03,0.59448
Donald_Knuth,mathematician,87,2603.0,2024-01-03,0.552985
Warren_Beatty,actor,88,1091.5,2024-01-03,0.5935425
John_G._Thompson,mathematician,93,34097.0,2024-01-03,0.593515
Harrison_Schmitt,geologist,90,14350.0,2024-01-03,0.59325
Matthew_Meselson,biologist,95,47385.0,2024-01-03,0.593075
Donald_P._Bellisario,screenwriter,90,14399.5,2024-01-03,0.5930025
Richard_Bach,writer,89,7861.0,2024-01-03,0.592695
Lou_Adler,producer,92,27746.0,2024-01-03,0.59227
George_Ariyoshi,politician,99,73953.0,2024-01-03,0.592235
Brian_Blessed,actor,89,7972.0,2024-01-03,0.59214
Philip_Glass,composer,88,1415.0,2024-01-03,0.591925
Ann_Robinson,actor,96,54218.0,2024-01-03,0.59191
Duane_Michals,photographer,93,34441.0,2024-01-03,0.591795
Katherine_Jackson,biographer,95,47784.0,2024-01-03,0.59108
Bill_Wyman,music,89,5268.0,2024-01-03,0.60566
William_F._Sharpe,economist,91,18368.5,2024-01-03,0.6061575
Terry_Riley,composer,90,11765.0,2024-01-03,0.606175
Michael_Forest,actor,96,51058.0,2024-01-03,0.60771
Samuel_Adler_(composer),conductor,97,53838.0,2024-01-03,0.62681
C._N._R._Rao,chemist,91,14317.0,2024-01-03,0.626415
David_Harvey,anthropologist,90,7789.0,2024-01-03,0.626055
Dudley_R._Herschbach,chemist,93,27658.0,2024-01-03,0.62571
Judd_Hirsch,actor,90,8108.0,2024-01-03,0.62446
Sandy_Koufax,baseball,90,8179.0,2024-01-03,0.624105
Alan_Alda,actor,89,1896.0,2024-01-03,0.62252
Johnny_Mathis,music,90,8837.5,2024-01-03,0.6208125
Ken_Loach,film,89,2308.0,2024-01-03,0.62046
Laurence_Rosenthal,composer,99,68333.5,2024-01-03,0.6203325
Sheila_Hancock,actor,92,22520.0,2024-01-03,0.6184
Piers_Anthony,novelist,91,15959.0,2024-01-03,0.618205
Bruce_Dern,actor,89,2958.0,2024-01-03,0.61721
Steve_Reich,composer,89,3106.0,2024-01-03,0.61647
Julian_Glover,actor,90,10038.0,2024-01-03,0.61481
Janet_Baker,singer,92,23523.0,2024-01-03,0.613385
Annie_Proulx,writer,90,10355.0,2024-01-03,0.613225
Barbara_Feldon,actress,92,23580.0,2024-01-03,0.6131
Jane_Morgan,actor,101,83009.0,2024-01-03,0.612955
Robert_Silverberg,screenwriter,90,10454.0,2024-01-03,0.61273
Douglas_Wilder,politician,94,36966.0,2024-01-03,0.61217
Don_DeLillo,writer,89,4070.0,2024-01-03,0.61165
Anthony_Kenny,philosopher,94,37074.0,2024-01-03,0.61163
Dana_Scott,mathematician,93,30474.0,2024-01-03,0.61163
Leonard_Kleinrock,mathematician,91,17429.0,2024-01-03,0.610855
Marilyn_Horne,singer,91,17580.0,2024-01-03,0.6101
Dolores_Huerta,trade_union,95,44330.5,2024-01-03,0.6083475
Felicia_Farr,actor,93,34749.0,2024-01-03,0.590255
George_Takei,comedian,88,1758.5,2024-01-03,0.5902075
Thomas_Pynchon,writer,88,1880.0,2024-01-03,0.5896
Joyce_Van_Patten,actor,91,25714.5,2024-01-03,0.5694275
Tom_Courtenay,actor,88,6288.5,2024-01-03,0.5675575
Gary_Hart,politician,89,13065.0,2024-01-03,0.566675
Billy_Dee_Williams,actor,88,6487.0,2024-01-03,0.566565
Edward_O._Thorp,mathematician,93,39767.0,2024-01-03,0.565165
Anthony_Kennedy,lawyer,89,13381.0,2024-01-03,0.565095
Don_Preston,music,93,39848.0,2024-01-03,0.56476
Jean_M._Auel,writer,89,13522.0,2024-01-03,0.56439
Richard_Wilson_(Scottish_actor),theatre,89,13639.0,2024-01-03,0.563805
Fred_Haise,astronaut,92,33455.0,2024-01-03,0.563725
Dyan_Cannon,film,88,7553.0,2024-01-03,0.561235
Jon_Voight,actor,87,1088.0,2024-01-03,0.56056
John_L._Hall,physicist,91,27567.0,2024-01-03,0.560165
Don_Bluth,film,88,7921.0,2024-01-03,0.559395
Leonard_Peikoff,philosopher,92,34324.0,2024-01-03,0.55938
Philip_Kaufman,actor,89,14593.0,2024-01-03,0.559035
Bernie_Kopell,screenwriter,92,34399.0,2024-01-03,0.559005
Jim_Dine,painter,90,21277.0,2024-01-03,0.558615
Yuan_T._Lee,chemist,89,14765.0,2024-01-03,0.558175
Caldwell_Esselstyn,rower,92,34565.0,2024-01-03,0.558175
Elizabeth_Dole,politician,89,14880.5,2024-01-03,0.5575975
Richard_Swinburne,philosopher,91,28082.5,2024-01-03,0.5575875
Joe_Don_Baker,actor,89,14894.0,2024-01-03,0.55753
Don_Norman,computer_scientist,90,21634.0,2024-01-03,0.55683
Christopher_Lloyd,actor,87,1903.0,2024-01-03,0.556485
Bat_Ye'or,essayist,92,35205.0,2024-01-03,0.554975
David_Amram,singer,95,55088.0,2024-01-03,0.55456
David_Irving,essayist,87,2516.0,2024-01-03,0.55342
Edward_Fox_(actor),actor,88,6095.0,2024-01-03,0.568525
Abbe_Lane,actor,93,38848.0,2024-01-03,0.56976
Richard_A._Falk,professor,95,48489.0,2024-01-03,0.587555
Sander_Levin,politician,94,45413.5,2024-01-03,0.5699325
Harvey_Cox,theologian,96,55106.0,2024-01-03,0.58747
Jagdish_Bhagwati,economist,91,22375.0,2024-01-03,0.586125
Michael_Walzer,philosopher,90,15780.0,2024-01-03,0.5861
Joe_Arpaio,sheriff,93,35626.0,2024-01-03,0.58587
Bobby_Vinton,singer,90,15903.0,2024-01-03,0.585485
David_Hockney,painter,88,2709.0,2024-01-03,0.585455
Ervin_LÃ¡szlÃ³,philosopher,93,36070.5,2024-01-03,0.5836475
James_Meredith,civil_rights,92,29519.0,2024-01-03,0.583405
Wendell_Berry,poet,91,23108.5,2024-01-03,0.5824575
Nicholas_F._Brady,politician,95,49511.0,2024-01-03,0.582445
"Prince_Edward,_Duke_of_Kent",royal_family,90,16861.5,2024-01-03,0.5806925
Pratibha_Patil,politician,91,23656.0,2024-01-03,0.57972
Tom_Stoppard,playwright,88,3911.0,2024-01-03,0.579445
Herman_Chernoff,mathematician,102,96430.0,2024-01-03,0.57885
Edwin_Meese,lawyer,94,43791.5,2024-01-03,0.5780425
Alan_Simpson_(American_politician),politician,94,43900.0,2024-01-03,0.5775
Jared_Diamond,biologist,88,4313.5,2024-01-03,0.5774325
Vladimir_Posner,journalist,91,24122.0,2024-01-03,0.57739
Robert_Paxton,historian,93,37435.0,2024-01-03,0.576825
Bob_Pettit,basket,93,37436.0,2024-01-03,0.57682
Shirley_Bassey,singer,88,4538.0,2024-01-03,0.57631
Mark_Rydell,actor,91,24355.0,2024-01-03,0.576225
Walter_Koenig,actor,89,11301.0,2024-01-03,0.575495
Barbara_Mikulski,politician,89,11500.0,2024-01-03,0.5745
Michael_H._Hart,physicist,93,37982.0,2024-01-03,0.57409
Keir_Dullea,actor,89,11839.0,2024-01-03,0.572805
Sylvia_Earle,biologist,90,18619.0,2024-01-03,0.571905
Thea_Musgrave,composer,97,80331.0,2024-01-03,0.494345
Norman_Tebbit,politician,94,33132.0,2024-01-03,0.63134
Robert_Colbert,actor,94,81275.0,2024-01-03,0.390625
Jacques_VallÃ©e,astronomer,86,21622.0,2024-01-03,0.42489
Morton_Subotnick,composer,92,60344.0,2024-01-03,0.42928
Sam_Nunn,politician,87,27412.0,2024-01-03,0.42894
Edward_Feigenbaum,computer_scientist,89,40698.0,2024-01-03,0.42851
John_Scott_(composer),bandleader,95,80437.5,2024-01-03,0.4278125
Annette_Crosbie,actor,91,54093.5,2024-01-03,0.4275325
John_Norman,writer,94,26513.0,2024-01-03,0.664435
Audrey_Dalton,actor,91,54236.0,2024-01-03,0.42682
Bonnie_Bartlett,actor,96,39694.0,2024-01-03,0.66453
Eddie_Palmieri,bandleader,89,41121.0,2024-01-03,0.426395
Dick_Van_Dyke,singer,100,3013.0,2024-01-03,0.979935
Bob_Packwood,politician,93,67555.0,2024-01-03,0.426225
Adam_Maida,cardinal,95,80917.0,2024-01-03,0.425415
Caryl_Churchill,screenwriter,87,28204.0,2024-01-03,0.42498
Gay_Talese,writer,93,19841.0,2024-01-03,0.664795
Alan_Oppenheimer,actor,95,32358.0,2024-01-03,0.66821
James_Stafford,priest,93,68097.0,2024-01-03,0.423515
Elliott_H._Lieb,mathematician,93,68103.5,2024-01-03,0.4234825
Monty_Roberts,horse_trainer,90,48306.0,2024-01-03,0.42347
Katherine_Paterson,writer,93,19751.0,2024-01-03,0.665245
John_O'Keefe_(neuroscientist),neurologist,86,21996.0,2024-01-03,0.42302
Harold_Becker,film,97,45994.0,2024-01-03,0.66603
Eleanor_Holmes_Norton,politician,88,35455.0,2024-01-03,0.421725
Albert_Hall_(actor),actor,88,35575.0,2024-01-03,0.421125
David_Horowitz,conservative,86,22411.0,2024-01-03,0.420945
Billy_Mills,track_and_field,87,29052.0,2024-01-03,0.42074
Tom_Harkin,politician,86,22482.0,2024-01-03,0.42059
Elinor_Donahue,actor,88,35801.0,2024-01-03,0.419995
SiÃ¢n_Phillips,actor,92,12785.5,2024-01-03,0.6670725
Peter_Cook_(architect),lecturer,89,40543.0,2024-01-03,0.429285
Carver_Mead,computer_scientist,91,53637.0,2024-01-03,0.429815
A._J._Foyt,driver,90,47021.0,2024-01-03,0.429895
Stanley_Fish,philosopher,87,27198.5,2024-01-03,0.4300075
Denise_Scott_Brown,architect,94,26692.0,2024-01-03,0.66354
Louis_Begley,novelist,92,57407.0,2024-01-03,0.443965
Billy_Williams_(cinematographer),cinema,96,83858.0,2024-01-03,0.44371
Mario_Capecchi,biologist,88,31091.5,2024-01-03,0.4435425
Eleanor_Bron,actor,87,24506.0,2024-01-03,0.44347
Bruce_Davidson_(photographer),published,92,57595.5,2024-01-03,0.4430225
Dion_DiMucci,music,86,18001.0,2024-01-03,0.442995
Lee_Trevino,golf,86,18138.0,2024-01-03,0.44231
Raj_Reddy,computer_scientist,88,31397.0,2024-01-03,0.442015
Michael_Learned,actor,86,18220.0,2024-01-03,0.4419
Pete_Wilson,politician,92,58055.0,2024-01-03,0.440725
Jerry_Adler,actor,96,84482.0,2024-01-03,0.44059
Carol_Kaye,guitar,90,45005.0,2024-01-03,0.439975
Roy_Romer,politician,97,91226.0,2024-01-03,0.43987
Thomas_R._Pickering,diplomat,94,71569.0,2024-01-03,0.439155
Margaret_Drabble,novelist,86,19324.0,2024-01-03,0.43638
Harold_E._Varmus,virologist,86,19354.0,2024-01-03,0.43623
James_Burton,guitar,86,19527.0,2024-01-03,0.435365
Barry_Mazur,mathematician,88,32936.0,2024-01-03,0.43432
Barbara_Liskov,computer_scientist,86,19740.0,2024-01-03,0.4343
Ray_Hyman,psychologist,97,92480.0,2024-01-03,0.4336
Irma_P._Hall,actor,90,46309.0,2024-01-03,0.433455
Maxine_Waters,politician,87,26523.0,2024-01-03,0.433385
Charles_Lloyd_(jazz_musician),composer,87,26554.0,2024-01-03,0.43323
Dean_Tavoularis,scenographer,93,66307.0,2024-01-03,0.432465
Burton_Malkiel,economist,93,66641.0,2024-01-03,0.430795
Gary_Graffman,pianist,97,93155.0,2024-01-03,0.430225
Barry_Mann,singer,86,22711.0,2024-01-03,0.419445
Willie_Brown_(politician),politician,91,55778.0,2024-01-03,0.41911
Andrew_Davies_(writer),screenwriter,89,27629.0,2024-01-03,0.493855
Roy_Thinnes,actor,87,33934.0,2024-01-03,0.39633
Stephen_Cook,computer_scientist,86,25486.5,2024-01-03,0.4055675
T._Colin_Campbell,biochemist,91,58695.0,2024-01-03,0.404525
Robert_Caro,author,90,52318.5,2024-01-03,0.4034075
Leland_H._Hartwell,geneticist,86,26192.0,2024-01-03,0.40204
David_Allan_Coe,singer,86,26286.0,2024-01-03,0.40157
Peter_Duesberg,virologist,89,46304.0,2024-01-03,0.40048
Debra_Paget,actor,92,12005.0,2024-01-03,0.670975
Agnes_Denes,artist,94,79458.0,2024-01-03,0.39971
Harry_B._Gray,chemist,90,53298.5,2024-01-03,0.3985075
Kenny_Burrell,guitar,94,25066.0,2024-01-03,0.67167
Ralph_Nader,political,91,5175.0,2024-01-03,0.672125
Thomas_Kailath,computer_scientist,90,53612.0,2024-01-03,0.39694
Jack_Hill,film,92,66819.0,2024-01-03,0.396905
George_J._Mitchell,politician,92,11535.5,2024-01-03,0.6733225
Nicholas_Wolterstorff,philosopher,93,69122.0,2024-01-03,0.41839
Pat_Boone,singer,91,4921.0,2024-01-03,0.673395
Richard_Garwin,physicist,97,99992.0,2024-01-03,0.39604
Michael_Aspel,television,92,67000.0,2024-01-03,0.396
G._Edward_Griffin,author,94,80287.0,2024-01-03,0.395565
George_Schaller,biologist,92,67093.5,2024-01-03,0.3955325
Shirley_Collins,singer,90,54143.0,2024-01-03,0.394285
Magdi_Yacoub,surgeon,90,54222.5,2024-01-03,0.3938875
Charles_Cioffi,actor,90,54287.0,2024-01-03,0.393565
Nancy_Kassebaum,politician,93,74239.0,2024-01-03,0.392805
Harvey_Mansfield,political_scientist,93,74371.0,2024-01-03,0.392145
Al_D'Amato,politician,88,41498.5,2024-01-03,0.3915075
Don_Black_(lyricist),songwriter,87,34926.0,2024-01-03,0.39137
Emma_Andijewska,poet,94,81189.0,2024-01-03,0.391055
Sonny_Jurgensen,football,91,58425.0,2024-01-03,0.405875
Patrick_Wayne,actor,86,25352.0,2024-01-03,0.40624
Roger_Mahony,cardinal,89,45146.0,2024-01-03,0.40627
Bob_James_(musician),keyboardist,86,25251.5,2024-01-03,0.4067425
David_Steel,politician,87,29588.5,2024-01-03,0.4180575
Peter_S._Beagle,writer,86,23039.0,2024-01-03,0.417805
Tom_Baker,actor,91,5834.5,2024-01-03,0.6688275
Barry_Barish,physicist,89,42887.0,2024-01-03,0.417565
David_Souter,lawyer,86,23127.0,2024-01-03,0.417365
Sandra_Harding,philosopher,90,49738.0,2024-01-03,0.41631
Stewart_Brand,essayist,87,29984.0,2024-01-03,0.41608
Elliot_Aronson,psychologist,93,69643.0,2024-01-03,0.415785
Louise_Lasser,actor,86,23450.0,2024-01-03,0.41575
Carla_Anderson_Hills,politician,91,56691.0,2024-01-03,0.414545
Jan_Harold_Brunvand,anthropologist,92,63362.0,2024-01-03,0.41419
Carl_Yastrzemski,baseball,86,23888.0,2024-01-03,0.41356
Wilbur_Ross,financier,88,37175.0,2024-01-03,0.413125
Mavis_Staples,singer,86,24004.0,2024-01-03,0.41298
Pat_Priest_(actress),actor,89,44136.5,2024-01-03,0.4113175
Allen_Jones_(artist),painter,88,37572.0,2024-01-03,0.41114
Cliff_Hagan,basket,94,77219.0,2024-01-03,0.410905
Gerald_R._Molen,actor,90,50824.0,2024-01-03,0.41088
Henry_B._Eyring,education,92,64110.5,2024-01-03,0.4104475
Robert_Crippen,astronaut,88,37780.0,2024-01-03,0.4101
Michael_Heseltine,conservative,92,12434.0,2024-01-03,0.66883
Joel-Peter_Witkin,photographer,86,24667.0,2024-01-03,0.409665
Ishmael_Reed,poet,87,31395.0,2024-01-03,0.409025
Leslie_Parrish,actor,90,51349.0,2024-01-03,0.408255
George_E._Smith,physicist,95,31853.5,2024-01-03,0.6707325
Hubie_Brown,basket,92,64564.0,2024-01-03,0.40818
Reri_Grist,music,93,71173.0,2024-01-03,0.408135
Roald_Sagdeev,physicist,93,63971.5,2024-01-03,0.4441425
John_Gurdon,biologist,92,13700.0,2024-01-03,0.6625
Georgina_Spelvin,actor,89,37412.0,2024-01-03,0.44494
Brenda_Vaccaro,actor,86,11368.0,2024-01-03,0.47616
Barbara_Steele,actor,88,23685.0,2024-01-03,0.480575
Mary_Costa,actor,95,36711.0,2024-01-03,0.646445
Judy_Collins,singer,86,10923.0,2024-01-03,0.478385
Alan_J._Heeger,physicist,89,30725.5,2024-01-03,0.4783725
Eugene_Fama,economist,86,11035.0,2024-01-03,0.477825
John_Glen_(director),film,93,23410.0,2024-01-03,0.64695
Samantha_Eggar,actor,86,11164.0,2024-01-03,0.47718
Roberta_Flack,music,86,11214.0,2024-01-03,0.47693
Gary_Lockwood,actor,88,24429.0,2024-01-03,0.476855
Barbara_Babcock,actor,88,24442.0,2024-01-03,0.47679
Sonia_Sanchez,playwright,91,44259.5,2024-01-03,0.4767025
Perry_Anderson,historian,87,17864.5,2024-01-03,0.4766775
Clive_Davis,producer,93,22975.0,2024-01-03,0.649125
Tony_Hoare,computer_scientist,91,9501.0,2024-01-03,0.650495
Tenley_Albright,skater,90,43996.0,2024-01-03,0.44502
"Norman_Foster,_Baron_Foster_of_Thames_Bank",architect,90,2586.0,2024-01-03,0.65207
Edmund_Phelps,economist,92,15737.0,2024-01-03,0.652315
Dolores_Hart,actor,87,18210.5,2024-01-03,0.4749475
Bob_Kahn,engineer,87,18385.0,2024-01-03,0.474075
Alan_Baddeley,psychologist,91,44826.0,2024-01-03,0.47387
Russ_Tamblyn,actor,91,9114.0,2024-01-03,0.65243
Daniel_McFadden,economist,88,25156.0,2024-01-03,0.47322
Lorraine_Gary,actor,88,25250.0,2024-01-03,0.47275
Waheeda_Rehman,actor,87,18657.5,2024-01-03,0.4727125
Ivan_Sutherland,inventor,87,18684.0,2024-01-03,0.47258
Gwyneth_Jones_(soprano),singer,89,31920.0,2024-01-03,0.4724
Ann_Bannon,author,93,58667.0,2024-01-03,0.470665
Judy_Chicago,painter,86,12518.0,2024-01-03,0.47041
Norman_Podhoretz,conservative,95,36757.0,2024-01-03,0.646215
RenÃ©e_Taylor,playwright,92,17183.0,2024-01-03,0.645085
Walter_Gilbert,physicist,93,23974.0,2024-01-03,0.64413
Lee_Majors,actor,86,10131.0,2024-01-03,0.482345
Tina_Louise,singer,91,12889.0,2024-01-03,0.633555
Frank_Murkowski,politician,92,47596.0,2024-01-03,0.49302
Dennis_Skinner,politician,93,54213.0,2024-01-03,0.492935
Barry_McGuire,singer,90,34566.0,2024-01-03,0.49217
David_Mumford,mathematician,88,21368.0,2024-01-03,0.49216
Kenneth_Frampton,historian,95,39111.0,2024-01-03,0.634445
Herb_Alpert,actor,90,6036.0,2024-01-03,0.63482
James_Fox,actor,86,8432.0,2024-01-03,0.49084
Carl_Icahn,stockbroker,89,28330.0,2024-01-03,0.49035
Phyllida_Law,actor,93,25552.0,2024-01-03,0.63624
Dan_Inosanto,martial_art,89,28382.0,2024-01-03,0.49009
Diane_Baker,actor,87,15274.0,2024-01-03,0.48963
David_Bailey,photographer,87,15321.0,2024-01-03,0.489395
George_Carey,bishop,90,35128.0,2024-01-03,0.48936
Paul_Ekman,psychologist,91,11967.0,2024-01-03,0.638165
Fred_Williamson,actor,87,15536.0,2024-01-03,0.48832
Jack_Betts,actor,96,75119.0,2024-01-03,0.487405
Jim_Dale,actor,90,35672.5,2024-01-03,0.4866375
Wendy_Carlos,composer,86,9528.0,2024-01-03,0.48536
Michael_Frayn,playwright,92,18340.0,2024-01-03,0.6393
Ralph_Lauren,designer,86,9636.0,2024-01-03,0.48482
Carmen_Dell'Orefice,actor,94,31505.0,2024-01-03,0.639475
Mara_Corday,actor,95,37747.0,2024-01-03,0.641265
Mary_Berry,biographer,90,36217.5,2024-01-03,0.4839125
Susan_Hampshire,actor,88,23028.5,2024-01-03,0.4838575
Lenny_Wilkens,basket,88,23030.0,2024-01-03,0.48385
Jane_Alexander,actor,86,10107.0,2024-01-03,0.482465
Phil_Knight,business,87,19129.0,2024-01-03,0.470355
Anthony_James_Leggett,physicist,87,19193.0,2024-01-03,0.470035
Brett_Halsey,actor,92,52223.0,2024-01-03,0.469885
Monte_Markham,actor,90,41822.0,2024-01-03,0.45589
David_Shire,composer,88,28951.0,2024-01-03,0.454245
Thomas_Kean,politician,90,42259.0,2024-01-03,0.453705
Ramblin'_Jack_Elliott,singer,94,27863.0,2024-01-03,0.657685
Mike_Farrell,actor,86,16070.5,2024-01-03,0.4526475
Nancy_Kovack,actor,90,42639.0,2024-01-03,0.451805
Ian_Hunter_(singer),singer,86,16268.0,2024-01-03,0.45166
Steny_Hoyer,politician,86,16319.0,2024-01-03,0.451405
Nancy_Kwan,actor,86,16355.0,2024-01-03,0.451225
George_Ryan,politician,91,49366.0,2024-01-03,0.45117
Prunella_Scales,actor,93,21225.0,2024-01-03,0.657875
William_Eggleston,photographer,86,16477.0,2024-01-03,0.450615
Hal_Linden,music,94,27662.0,2024-01-03,0.65869
Alan_Bennett,actor,91,7730.0,2024-01-03,0.65935
Roland_Huntford,author,98,95751.0,2024-01-03,0.450245
Frankie_Valli,singer,91,7602.0,2024-01-03,0.65999
Mark_di_Suvero,sculptor,92,56297.0,2024-01-03,0.449515
Lee_H._Hamilton,politician,94,69604.0,2024-01-03,0.44898
John_Corigliano,composer,87,23422.5,2024-01-03,0.4488875
Eileen_Atkins,actor,91,7145.0,2024-01-03,0.662275
Jerome_Isaac_Friedman,physicist,95,33510.0,2024-01-03,0.66245
John_Badham,film,86,17126.5,2024-01-03,0.4473675
Ralph_Steadman,caricaturist,89,37007.0,2024-01-03,0.446965
Robert_Rubin,politician,87,23808.0,2024-01-03,0.44696
Richard_Posner,judge,86,17364.5,2024-01-03,0.4461775
Herbert_J._Gans,sociologist,98,96564.5,2024-01-03,0.4461775
Michael_Murphy_(actor),actor,87,23980.0,2024-01-03,0.4461
Alan_Ayckbourn,playwright,86,17407.0,2024-01-03,0.445965
Jeremy_Bernstein,physicist,96,81554.0,2024-01-03,0.45523
John_Rechy,writer,94,68174.0,2024-01-03,0.45613
Ron_Paul,politician,90,1834.0,2024-01-03,0.65583
Norman_Davies,historian,86,15217.0,2024-01-03,0.456915
Peter_Burke_(historian),academic,88,26007.0,2024-01-03,0.468965
Michael_Artin,mathematician,91,45901.0,2024-01-03,0.468495
Jimmy_Swaggart,singer,90,39443.0,2024-01-03,0.467785
George_Chakiris,actor,91,8216.0,2024-01-03,0.65692
Polly_Holliday,actor,88,26274.0,2024-01-03,0.46763
Kenneth_H._Cooper,doctor,94,65912.0,2024-01-03,0.46744
Millie_Perkins,actor,87,19778.0,2024-01-03,0.46711
Judy_Blume,writer,87,19854.0,2024-01-03,0.46673
John_Sculley,business,86,13277.5,2024-01-03,0.4666125
George_Hearn,actor,91,46323.0,2024-01-03,0.466385
Roy_Hattersley,author,93,59545.0,2024-01-03,0.466275
Ron_Rifkin,film,86,13579.0,2024-01-03,0.465105
Richard_Meier,architect,91,8186.5,2024-01-03,0.6570675
Paula_Prentiss,actor,87,20313.0,2024-01-03,0.464435
Irwin_M._Jacobs,academic,92,53444.0,2024-01-03,0.46378
David_Owen,politician,87,20551.0,2024-01-03,0.463245
Guido_Calabresi,scholar,93,60154.5,2024-01-03,0.4632275
James_Galway,music,86,13991.0,2024-01-03,0.463045
Russell_M._Nelson,physician,101,74115.0,2024-01-03,0.657425
Yvonne_Rainer,film,91,47257.5,2024-01-03,0.4617125
Robert_Littell_(author),novelist,90,40672.0,2024-01-03,0.46164
Anne_Osborn_Krueger,economist,91,47626.0,2024-01-03,0.45987
Rusty_Schweickart,aeronautical,90,41194.0,2024-01-03,0.45903
Sherrill_Milnes,singer,90,41224.0,2024-01-03,0.45888
Don_Bachardy,painter,91,47957.0,2024-01-03,0.458215
Marge_Piercy,writer,89,34965.0,2024-01-03,0.457175
Elizabeth_Ashley,biographer,86,15170.0,2024-01-03,0.45715
Eva_Marie_Saint,actor,101,4201.0,2024-01-03,1.006995
