Priority Rank,Name,Profession,Approximate Age,Date Added to Alivewatch,Change Since Last Year
1,Eva Marie Saint,Actor,101,2024-01-03,â€“
2,Dick Van Dyke,Singer,100,2024-01-03,â€“
3,Alan Greenspan,Economist,99,2024-01-03,â€“
4,Ray Anthony,Actor,103,2024-01-03,â€“
5,Lee Grant,Film,98,2024-01-03,â–²1
6,Rudolph A. Marcus,Chemist,102,2024-01-03,â–²1
7,James Watson,Biologist,97,2024-01-03,â–²1
8,Leontyne Price,Singer,98,2024-01-03,â–²1
9,Rosemary Harris,Actor,98,2024-01-03,â–²1
10,Estelle Parsons,Singer,98,2024-01-03,â–²1
11,William Daniels,Actor,98,2024-01-03,â–²2
12,Bob Cousy,Basket,97,2024-01-03,â–²4
13,Vernon L. Smith,Economist,98,2024-01-03,â–²4
14,James Ivory,Film,97,2024-01-03,â–²4
15,Desmond Morris,Zoologist,97,2024-01-03,â–²4
16,Elias James Corey,Chemist,97,2024-01-03,â–²6
17,Ann Blyth,Actor,97,2024-01-03,â–²6
18,Eric Kandel,Neurologist,96,2024-01-03,â–²6
19,Buzz Aldrin,Astronaut,95,2024-01-03,â–²7
20,James Hong,Actor,96,2024-01-03,â–²8
21,William Perry,Politician,98,2024-01-03,â–²10
22,Joanne Woodward,Actor,95,2024-01-03,â–²10
23,Tippi Hedren,Actor,95,2024-01-03,â–²10
24,Berry Gordy,Producer,96,2024-01-03,â–²10
25,Robert Wagner,Actor,95,2024-01-03,â–²10
26,Sonny Rollins,Composer,95,2024-01-03,â–²10
27,John Kander,Composer,98,2024-01-03,â–²10
28,Paul Dooley,Actor,97,2024-01-03,â–²10
29,Jasper Johns,Painter,95,2024-01-03,â–²10
30,Gerald Holton,Physicist,103,2024-01-03,â–²11
31,Len Deighton,Writer,96,2024-01-03,â–²11
32,Vera Miles,Actor,95,2024-01-03,â–²12
33,Alex Katz,Painter,98,2024-01-03,â–²12
34,Lisa Lu,Music,98,2024-01-03,â–²13
35,Thomas Sowell,Economist,95,2024-01-03,â–²13
36,Marion Ross,Actor,97,2024-01-03,â–²13
37,Roger Penrose,Mathematician,94,2024-01-03,â–²13
38,Rita Moreno,Singer,94,2024-01-03,â–²13
39,Gary Snyder,Poet,95,2024-01-03,â–²13
40,John Astin,Actor,95,2024-01-03,â–²13
41,Angie Dickinson,Actor,94,2024-01-03,â–²14
42,Carroll Baker,Actor,94,2024-01-03,â–²15
43,Nancy Olson,Actor,97,2024-01-03,â–²15
44,Claire Bloom,Actor,94,2024-01-03,â–²16
45,Terry Moore (actress),Actor,96,2024-01-03,â–²16
46,Otto F. Kernberg,Psychiatrist,97,2024-01-03,â–²16
47,James Baker,Political,95,2024-01-03,â–²16
48,Barbara Eden,Actor,94,2024-01-03,â–²16
49,Stephen Smale,Mathematician,95,2024-01-03,â–²16
50,Ellen Burstyn,Actor,93,2024-01-03,â–²16
51,Frederick Wiseman,Film,95,2024-01-03,â–²16
52,Bernie Ecclestone,Business,95,2024-01-03,â–²17
53,Lois Smith,Actor,95,2024-01-03,â–²17
54,June Squibb,Actor,96,2024-01-03,â–²17
55,Jerry Schatzberg,Screenwriter,98,2024-01-03,â–²19
56,Petula Clark,Actor,93,2024-01-03,â–²19
57,Philip Kotler,Economist,94,2024-01-03,â–²19
58,Irvin D. Yalom,Psychiatrist,94,2024-01-03,â–²20
59,Joel Grey,Singer,93,2024-01-03,â–²20
60,Dan Rather,News Presenter,94,2024-01-03,â–²20
61,Mamie Van Doren,Actor,94,2024-01-03,â–²20
62,William Kennedy (author),Writer,97,2024-01-03,â–²20
63,Dominic Chianese,Singer,94,2024-01-03,â–²20
64,Bridget Riley,Painter,94,2024-01-03,â–²21
65,Diane Ladd,Actor,93,2024-01-03,â–²21
66,W. Michael Blumenthal,Political,99,2024-01-03,â–²22
67,Cynthia Ozick,Novelist,97,2024-01-03,â–²22
68,John Milnor,Mathematician,94,2024-01-03,â–²23
69,Kim Novak,Actor,92,2024-01-03,â–²23
70,Joan Collins,Actor,92,2024-01-03,â–²23
71,Carol Burnett,Singer,92,2024-01-03,â–²23
72,Don King (boxing promoter),Manslaughter,94,2024-01-03,â–²23
73,Barbara Barrie,Actor,94,2024-01-03,â–²24
74,Douglas Hurd,Conservative,95,2024-01-03,â–²25
75,Virginia McKenna,Actor,94,2024-01-03,â–²25
76,David Scott,Astronaut,93,2024-01-03,â–²25
77,Sheldon Lee Glashow,Physicist,93,2024-01-03,â–²26
78,Peter Eisenman,Architect,93,2024-01-03,â–²27
79,Elaine May,Actor,93,2024-01-03,â–²27
80,Doc Severinsen,Bandleader,98,2024-01-03,â–²27
81,Michael Dukakis,Politician,92,2024-01-03,â–²27
82,Tom Skerritt,Actor,92,2024-01-03,â–²27
83,Quentin Blake,Writer,93,2024-01-03,â–²27
84,John Boorman,Screenwriter,92,2024-01-03,â–²27
85,Paul R. Ehrlich,Lepidopterist,93,2024-01-03,â–²27
86,Richard Lester,Film,93,2024-01-03,â–²27
87,Alvin Plantinga,Theologian,93,2024-01-03,â–²27
88,Irwin Winkler,Film,94,2024-01-03,â–²28
89,Marla Gibbs,Singer,94,2024-01-03,â–²28
90,James Tolkan,Actor,94,2024-01-03,â–²28
91,Barbara Bain,Actor,94,2024-01-03,â–²28
92,Julie Newmar,Singer,92,2024-01-03,â–²29
93,Peter Blake (artist),Painter,93,2024-01-03,â–²29
94,Jerry Hardin,Actor,96,2024-01-03,â–²29
95,Andrew Young,Politician,93,2024-01-03,â–²29
96,John Cullum,Screenwriter,95,2024-01-03,â–²29
97,Gloria Steinem,Journalist,91,2024-01-03,â–²29
98,Israel Kirzner,Economist,95,2024-01-03,â–²30
99,Louis Farrakhan,Religious,92,2024-01-03,â–²30
100,Chuck Grassley,Politician,92,2024-01-03,â–²30
101,Shirley Jones,Actor,91,2024-01-03,â–²30
102,Dick Hyman,Composer,98,2024-01-03,â–²30
103,Toshiko Akiyoshi,Bandleader,96,2024-01-03,â–²30
104,Antonia Fraser,Author,93,2024-01-03,â–²30
105,Pat Boone,Singer,91,2024-01-03,â–²30
106,George J. Mitchell,Politician,92,2024-01-03,â–²30
107,Ralph Nader,Political,91,2024-01-03,â–²30
108,Kenny Burrell,Guitar,94,2024-01-03,â–²31
109,Debra Paget,Actor,92,2024-01-03,â–²31
110,Michael Heseltine,Conservative,92,2024-01-03,â–²32
111,Tom Baker,Actor,91,2024-01-03,â–²32
112,Alan Oppenheimer,Actor,95,2024-01-03,â–²32
113,SiÃƒÂ¢n Phillips,Actor,92,2024-01-03,â–²33
114,Harold Becker,Film,97,2024-01-03,â–²33
115,Katherine Paterson,Writer,93,2024-01-03,â–²33
116,Gay Talese,Writer,93,2024-01-03,â–²33
117,Bonnie Bartlett,Actor,96,2024-01-03,â–²33
118,John Norman,Writer,94,2024-01-03,â–²33
119,Denise Scott Brown,Architect,94,2024-01-03,â–²33
120,Jerome Isaac Friedman,Physicist,95,2024-01-03,â–²34
121,Eileen Atkins,Actor,91,2024-01-03,â–²34
122,Frankie Valli,Singer,91,2024-01-03,â–²34
123,Alan Bennett,Actor,91,2024-01-03,â–²34
124,Hal Linden,Music,94,2024-01-03,â–²34
125,Ramblin' Jack Elliott,Singer,94,2024-01-03,â–²35
126,Richard Meier,Architect,91,2024-01-03,â–²36
127,George Chakiris,Actor,91,2024-01-03,â–²36
128,Ron Paul,Politician,90,2024-01-03,â–²36
129,Russ Tamblyn,Actor,91,2024-01-03,â–²36
130,Edmund Phelps,Economist,92,2024-01-03,â–²36
131,"Norman Foster, Baron Foster of Thames Bank",Architect,90,2024-01-03,â–²36
132,Tony Hoare,Computer Scientist,91,2024-01-03,â–²37
133,Clive Davis,Producer,93,2024-01-03,â–²37
134,John Glen (director),Film,93,2024-01-03,â–²37
135,Mary Costa,Actor,95,2024-01-03,â–²37
136,Norman Podhoretz,Conservative,95,2024-01-03,â–²37
137,RenÃƒÂ©e Taylor,Playwright,92,2024-01-03,â–²37
138,Walter Gilbert,Physicist,93,2024-01-03,â–²37
139,Carmen Dell'Orefice,Actor,94,2024-01-03,â–²39
140,Michael Frayn,Playwright,92,2024-01-03,â–²39
141,Paul Ekman,Psychologist,91,2024-01-03,â–²40
142,Phyllida Law,Actor,93,2024-01-03,â–²40
143,Herb Alpert,Actor,90,2024-01-03,â–²40
144,Kenneth Frampton,Historian,95,2024-01-03,â–²40
145,Tina Louise,Singer,91,2024-01-03,â–²40
146,Dave Grusin,Composer,91,2024-01-03,â–²42
147,Richard Shelby,Politician,91,2024-01-03,â–²42
148,Samuel Adler (composer),Conductor,97,2024-01-03,â–²43
149,C. N. R. Rao,Chemist,91,2024-01-03,â–²43
150,David Harvey,Anthropologist,90,2024-01-03,â–²43
151,Dudley R. Herschbach,Chemist,93,2024-01-03,â–²43
152,Judd Hirsch,Actor,90,2024-01-03,â–²43
153,Sandy Koufax,Baseball,90,2024-01-03,â–²44
154,Alan Alda,Actor,89,2024-01-03,â–²45
155,Johnny Mathis,Music,90,2024-01-03,â–²45
156,Ken Loach,Film,89,2024-01-03,â–²45
157,Laurence Rosenthal,Composer,99,2024-01-03,â–²45
158,Sheila Hancock,Actor,92,2024-01-03,â–²45
159,Piers Anthony,Novelist,91,2024-01-03,â–²45
160,Bruce Dern,Actor,89,2024-01-03,â–²45
161,Steve Reich,Composer,89,2024-01-03,â–²45
162,Julian Glover,Actor,90,2024-01-03,â–²45
163,Janet Baker,Singer,92,2024-01-03,â–²45
164,Annie Proulx,Writer,90,2024-01-03,â–²45
165,Barbara Feldon,Actress,92,2024-01-03,â–²45
166,Robert Silverberg,Screenwriter,90,2024-01-03,â–²46
167,Douglas Wilder,Politician,94,2024-01-03,â–²46
168,Don DeLillo,Writer,89,2024-01-03,â–²46
169,Anthony Kenny,Philosopher,94,2024-01-03,â–²47
170,Dana Scott,Mathematician,93,2024-01-03,â–²45
171,Leonard Kleinrock,Mathematician,91,2024-01-03,â–²47
172,Marilyn Horne,Singer,91,2024-01-03,â–²48
173,Dolores Huerta,Trade Union,95,2024-01-03,â–²48
174,Michael Forest,Actor,96,2024-01-03,â–²48
175,Terry Riley,Composer,90,2024-01-03,â–²49
176,William F. Sharpe,Economist,91,2024-01-03,â–²49
177,Bill Wyman,Music,89,2024-01-03,â–²49
178,Nicholas Pileggi,Writer,92,2024-01-03,â–²51
179,Buddy Guy,Guitar,89,2024-01-03,â–²51
180,Engelbert Humperdinck (singer),Singer,89,2024-01-03,â–²51
181,Helen Merrill,Singer,95,2024-01-03,â–²51
182,Charles Koch,Business,90,2024-01-03,â–²51
183,David Lee (physicist),Physicist,94,2024-01-03,â–²51
184,Richard Estes,Painter,93,2024-01-03,â–²51
185,Penelope Lively,Writer,92,2024-01-03,â–²51
186,La Monte Young,Composer,90,2024-01-03,â–²51
187,James B. Harris,Film,97,2024-01-03,â–²51
188,Caroline Graham,Screenwriter,94,2024-01-03,â–²51
189,HÃƒÂ©ctor Elizondo,Actor,89,2024-01-03,â–²51
190,Constance Towers,Singer,92,2024-01-03,â–²52
191,Lee Meriwether,Actor,90,2024-01-03,â–²50
192,Warren Beatty,Actor,88,2024-01-03,â–²51
193,John G. Thompson,Mathematician,93,2024-01-03,â–²51
194,Harrison Schmitt,Geologist,90,2024-01-03,â–²51
195,Matthew Meselson,Biologist,95,2024-01-03,â–²51
196,Donald P. Bellisario,Screenwriter,90,2024-01-03,â–²51
197,Richard Bach,Writer,89,2024-01-03,â–²51
198,Lou Adler,Producer,92,2024-01-03,â–²51
199,George Ariyoshi,Politician,99,2024-01-03,â–²51
200,Brian Blessed,Actor,89,2024-01-03,â–²51
201,Philip Glass,Composer,88,2024-01-03,â–²51
202,Ann Robinson,Actor,96,2024-01-03,â–²51
203,Duane Michals,Photographer,93,2024-01-03,â–²51
204,Katherine Jackson,Biographer,95,2024-01-03,â–²51
205,Felicia Farr,Actor,93,2024-01-03,â–²51
206,George Takei,Comedian,88,2024-01-03,â–²51
207,Thomas Pynchon,Writer,88,2024-01-03,â–²51
208,Richard A. Falk,Professor,95,2024-01-03,â–²51
209,Harvey Cox,Theologian,96,2024-01-03,â–²51
210,Jagdish Bhagwati,Economist,91,2024-01-03,â–²51
211,Michael Walzer,Philosopher,90,2024-01-03,â–²51
212,Joe Arpaio,Sheriff,93,2024-01-03,â–²51
213,Bobby Vinton,Singer,90,2024-01-03,â–²52
214,David Hockney,Painter,88,2024-01-03,â–²52
215,Ervin LÃƒÂ¡szlÃƒÂ³,Philosopher,93,2024-01-03,â–²52
216,James Meredith,Civil Rights,92,2024-01-03,â–²52
217,Wendell Berry,Poet,91,2024-01-03,â–²52
218,Nicholas F. Brady,Politician,95,2024-01-03,â–²52
219,"Prince Edward, Duke of Kent",Royal Family,90,2024-01-03,â–²52
220,Pratibha Patil,Politician,91,2024-01-03,â–²52
221,Tom Stoppard,Playwright,88,2024-01-03,â–²52
222,Herman Chernoff,Mathematician,102,2024-01-03,â–²52
223,Edwin Meese,Lawyer,94,2024-01-03,â–²52
224,Jared Diamond,Biologist,88,2024-01-03,â–²53
225,Vladimir Posner,Journalist,91,2024-01-03,â–²53
226,Robert Paxton,Historian,93,2024-01-03,â–²53
227,Bob Pettit,Basket,93,2024-01-03,â–²53
228,Shirley Bassey,Singer,88,2024-01-03,â–²53
229,Mark Rydell,Actor,91,2024-01-03,â–²53
230,Walter Koenig,Actor,89,2024-01-03,â–²53
231,Barbara Mikulski,Politician,89,2024-01-03,â–²53
232,Michael H. Hart,Physicist,93,2024-01-03,â–²53
233,Keir Dullea,Actor,89,2024-01-03,â–²53
234,Sylvia Earle,Biologist,90,2024-01-03,â–²53
235,Sander Levin,Politician,94,2024-01-03,â–²53
236,Abbe Lane,Actor,93,2024-01-03,â–²53
237,Joyce Van Patten,Actor,91,2024-01-03,â–²53
238,Edward Fox (actor),Actor,88,2024-01-03,â–²53
239,Tom Courtenay,Actor,88,2024-01-03,â–²53
240,Gary Hart,Politician,89,2024-01-03,â–²53
241,Billy Dee Williams,Actor,88,2024-01-03,â–²53
242,Edward O. Thorp,Mathematician,93,2024-01-03,â–²53
243,Anthony Kennedy,Lawyer,89,2024-01-03,â–²53
244,Don Preston,Music,93,2024-01-03,â–²53
245,Jean M. Auel,Writer,89,2024-01-03,â–²53
246,Richard Wilson (Scottish actor),Theatre,89,2024-01-03,â–²53
247,Fred Haise,Astronaut,92,2024-01-03,â–²53
248,Dyan Cannon,Film,88,2024-01-03,â–²54
249,Jon Voight,Actor,87,2024-01-03,â–²54
250,John L. Hall,Physicist,91,2024-01-03,â–²54
251,Don Bluth,Film,88,2024-01-03,â–²54
252,Leonard Peikoff,Philosopher,92,2024-01-03,â–²54
253,Philip Kaufman,Actor,89,2024-01-03,â–²54
254,Bernie Kopell,Screenwriter,92,2024-01-03,â–²54
255,Jim Dine,Painter,90,2024-01-03,â–²54
256,Caldwell Esselstyn,Rower,92,2024-01-03,â–²55
257,Yuan T. Lee,Chemist,89,2024-01-03,â–²53
258,Elizabeth Dole,Politician,89,2024-01-03,â–²54
259,Richard Swinburne,Philosopher,91,2024-01-03,â–²54
260,Don Norman,Computer Scientist,90,2024-01-03,â–²55
261,Christopher Lloyd,Actor,87,2024-01-03,â–²55
262,Bat Ye'or,Essayist,92,2024-01-03,â–²55
263,David Amram,Singer,95,2024-01-03,â–²55
264,David Irving,Essayist,87,2024-01-03,â–²55
265,Donald Knuth,Mathematician,87,2024-01-03,â–²55
266,Lee Friedlander,Photographer,91,2024-01-03,â–²55
267,Ray Cooney,Playwright,93,2024-01-03,â–²55
268,Thomas Nagel,Philosopher,88,2024-01-03,â–²56
269,Charles Duke,Astronaut,90,2024-01-03,â–²56
270,Samuel C. C. Ting,Physicist,89,2024-01-03,â–²56
271,Joyce Carol Oates,Playwright,87,2024-01-03,â–²56
272,Derek Jacobi,Actor,87,2024-01-03,â–²56
273,Michael Craig (actor),Actor,97,2024-01-03,â–²56
274,Susan Cooper,Writer,90,2024-01-03,â–²56
275,Jerry Brown,Politician,87,2024-01-03,â–²56
276,Tom Atkins (actor),Actor,90,2024-01-03,â–²56
277,Christina Pickles,Actor,90,2024-01-03,â–²57
278,Frank Langella,Actor,87,2024-01-03,â–²57
279,Steven Berkoff,Actor,88,2024-01-03,â–²57
280,Ben Nighthorse Campbell,Politician,92,2024-01-03,â–²57
281,Jamie Farr,Comedian,91,2024-01-03,â–²57
282,Anthony Giddens,Sociologist,87,2024-01-03,â–²58
283,Roald Hoffmann,Chemist,88,2024-01-03,â–²58
284,E. D. Hirsch,Literary,97,2024-01-03,â–²58
285,Elliott Gould,Actor,87,2024-01-03,â–²58
286,Ted Turner,Entrepreneur,87,2024-01-03,â–²59
287,H. D. Deve Gowda,Politician,92,2024-01-03,â–²59
288,Peter Brown (historian),Historian,90,2024-01-03,â–²59
289,Terry Gibbs,Bandleader,101,2024-01-03,â–²59
290,Anita Desai,Writer,88,2024-01-03,â–²60
291,John Standing,Actor,91,2024-01-03,â–²60
292,Ralph Bakshi,Film,87,2024-01-03,â–²60
293,Anthony Zerbe,Actor,89,2024-01-03,â–²60
294,Chris Bonington,Mountaineer,91,2024-01-03,â–²60
295,Story Musgrave,Astronaut,90,2024-01-03,â–²60
296,Lois Lowry,Writer,88,2024-01-03,â–²60
297,Seymour Hersh,Journalist,88,2024-01-03,â–²60
298,Marlo Thomas,Producer,88,2024-01-03,â–²60
299,Robert Woodrow Wilson,Astronomer,89,2024-01-03,â–²60
300,Anne Reid,Actor,90,2024-01-03,â–²60
301,Margaret O'Brien,Actor,88,2024-01-03,â–²60
302,Lester R. Brown,Agronomist,91,2024-01-03,â–²60
303,Pat Buchanan,Conservative,87,2024-01-03,â–²60
304,Oscar Robertson,Basket,87,2024-01-03,â–²60
305,Robert Gallo,Virologist,88,2024-01-03,â–²60
306,Ron Carter,Cellist,88,2024-01-03,â–²60
307,Milan PaniÃ„Â‡,Business,96,2024-01-03,â–²60
308,Bobby Bare,Singer,90,2024-01-03,â–²60
309,William Devane,Actor,88,2024-01-03,â–²60
310,Wanda Jackson,Singer,88,2024-01-03,â–²60
311,Stephen Breyer,Lawyer,87,2024-01-03,â–²60
312,James Lee Burke,Writer,89,2024-01-03,â–²60
313,Alan Garner,Writer,91,2024-01-03,â–²60
314,Robert Fuller (actor),Actor,92,2024-01-03,â–²60
315,Dick Cavett,Actor,89,2024-01-03,â–²60
316,Alan Dershowitz,Lawyer,87,2024-01-03,â–²61
317,Riane Eisler,Anthropologist,94,2024-01-03,â–²61
318,Susan Kohner,Actor,89,2024-01-03,â–²61
319,Harvey Keitel,Actor,86,2024-01-03,â–²61
320,Pat Roberts,Politician,89,2024-01-03,â–²61
321,Michael Kahn (film editor),Film,90,2024-01-03,â–²61
322,Gerhard Weinberg,Historian,97,2024-01-03,â–²61
323,Don McCullin,Biographer,90,2024-01-03,â–²61
324,David Burke (British actor),Actor,91,2024-01-03,â–²61
325,Peter Arnett,Journalist,91,2024-01-03,â–²61
326,F. Murray Abraham,Actor,86,2024-01-03,â–²62
327,Gerald Scarfe,Caricaturist,89,2024-01-03,â–²62
328,Leon Panetta,Politician,87,2024-01-03,â–²62
329,Richard M. Karp,Mathematician,90,2024-01-03,â–²62
330,Lily Tomlin,Actor,86,2024-01-03,â–²63
331,Larry Lieber,Artist,94,2024-01-03,â–²64
332,Archie Shepp,Composer,88,2024-01-03,â–²64
333,Gilbert Strang,Mathematician,91,2024-01-03,â–²64
334,Eugene Braunwald,Cardiologist,96,2024-01-03,â–²66
335,Connie Stevens,Film,87,2024-01-03,â–²66
336,"Princess Alexandra, The Honourable Lady Ogilvy",Queen,89,2024-01-03,â–²66
337,Edward Ruscha,Painter,88,2024-01-03,â–²66
338,Carol Gilligan,Psychologist,89,2024-01-03,â–²67
339,Derek Bok,Education,95,2024-01-03,â–²67
340,Larry Niven,Writer,87,2024-01-03,â–²67
341,Jackie Stewart,Racing,86,2024-01-03,â–²68
342,Stanley G. Payne,Historian,91,2024-01-03,â–²68
343,Michael Parenti,Political Scientist,92,2024-01-03,â–²68
344,Garrett Morris,Actor,88,2024-01-03,â–²68
345,Judea Pearl,Computer Scientist,89,2024-01-03,â–²71
346,Nick Clooney,Journalist,91,2024-01-03,â–²71
347,Bobby Seale,Activist,89,2024-01-03,â–²71
348,Michael Moorcock,Novelist,86,2024-01-03,â–²71
349,George Hamilton (actor),Film,86,2024-01-03,â–²72
350,Jay Rockefeller,Politician,88,2024-01-03,â–²72
351,Richard Beymer,Actor,87,2024-01-03,â–²72
352,Richard Benjamin,Film,87,2024-01-03,â–²72
353,J. Michael Bishop,Biologist,89,2024-01-03,â–²74
354,Scott Glenn,Actor,86,2024-01-03,â–²75
355,Judy Parfitt,Actor,90,2024-01-03,â–²75
356,Martha Grimes,Writer,94,2024-01-03,â–²75
357,Carol Lawrence,Actor,93,2024-01-03,â–²75
358,Ronny Cox,Actor,87,2024-01-03,â–²75
359,Jack McDevitt,Writer,90,2024-01-03,â–²75
360,Tom Paxton,Singer,88,2024-01-03,â–²75
361,Ali MacGraw,Actor,86,2024-01-03,â–²75
362,Neil Sedaka,Singer,86,2024-01-03,â–²75
363,Jake Garn,Politician,93,2024-01-03,â–²75
364,Lawrence Block,Writer,87,2024-01-03,â–²77
365,Grace Slick,Singer,86,2024-01-03,â–²77
366,Diana Muldaur,Actor,87,2024-01-03,â–²77
367,Tommy Steele,Singer,89,2024-01-03,â–²77
368,Ted Nelson,Philosopher,88,2024-01-03,â–²78
369,Shirley Eaton,Actor,88,2024-01-03,â–²79
370,Frederic Raphael,Actor,94,2024-01-03,â–²79
371,Thea Musgrave,Composer,97,2024-01-03,â–²79
372,Terry Gilliam,Film,85,2025-01-03,ðŸ†•
373,Martin Sheen,Actor,85,2025-01-03,ðŸ†•
374,Andrew Davies (writer),Screenwriter,89,2024-01-03,â–²77
375,Tom Jones (singer),Singer,85,2025-01-03,ðŸ†•
376,Frank Murkowski,Politician,92,2024-01-03,â–²76
377,Dennis Skinner,Politician,93,2024-01-03,â–²76
378,Barry McGuire,Singer,90,2024-01-03,â–²76
379,David Mumford,Mathematician,88,2024-01-03,â–²76
380,Brian De Palma,Film,85,2025-01-03,ðŸ†•
381,Cliff Richard,Actor,85,2025-01-03,ðŸ†•
382,James Fox,Actor,86,2024-01-03,â–²74
383,Carl Icahn,Stockbroker,89,2024-01-03,â–²74
384,Julie Christie,Actor,85,2025-01-03,ðŸ†•
385,Dan Inosanto,Martial Art,89,2024-01-03,â–²73
386,Diane Baker,Actor,87,2024-01-03,â–²73
387,David Bailey,Photographer,87,2024-01-03,â–²73
388,George Carey,Bishop,90,2024-01-03,â–²73
389,Herbie Hancock,Singer,85,2025-01-03,ðŸ†•
390,Fred Williamson,Actor,87,2024-01-03,â–²72
391,Jim Dale,Actor,90,2024-01-03,â–²73
392,Wendy Carlos,Composer,86,2024-01-03,â–²73
393,Dionne Warwick,Singer,85,2025-01-03,ðŸ†•
394,Ralph Lauren,Designer,86,2024-01-03,â–²73
395,Nancy Pelosi,Politician,85,2025-01-03,ðŸ†•
396,Kip Thorne,Physicist,85,2025-01-03,ðŸ†•
397,Mary Berry,Biographer,90,2024-01-03,â–²72
398,Susan Hampshire,Actor,88,2024-01-03,â–²72
399,Lenny Wilkens,Basket,88,2024-01-03,â–²72
400,Jane Alexander,Actor,86,2024-01-03,â–²72
401,Lee Majors,Actor,86,2024-01-03,â–²72
402,Jack Nicklaus,Golf,85,2025-01-03,ðŸ†•
403,James Cromwell,Actor,85,2025-01-03,ðŸ†•
404,Nancy Sinatra,Singer,85,2025-01-03,ðŸ†•
405,Barbara Steele,Actor,88,2024-01-03,â–²69
406,Lance Henriksen,Actor,85,2025-01-03,ðŸ†•
407,Judy Collins,Singer,86,2024-01-03,â–²68
408,Alan J. Heeger,Physicist,89,2024-01-03,â–²68
409,Eugene Fama,Economist,86,2024-01-03,â–²68
410,Jeffrey Archer,Novelist,85,2025-01-03,ðŸ†•
411,Gary Lockwood,Actor,88,2024-01-03,â–²69
412,Barbara Babcock,Actor,88,2024-01-03,â–²69
413,Sonia Sanchez,Playwright,91,2024-01-03,â–²69
414,Perry Anderson,Historian,87,2024-01-03,â–²69
415,Katharine Ross,Actor,85,2025-01-03,ðŸ†•
416,Brenda Vaccaro,Actor,86,2024-01-03,â–²68
417,James Brolin,Actor,85,2025-01-03,ðŸ†•
418,James L. Brooks,Screenwriter,85,2025-01-03,ðŸ†•
419,Smokey Robinson,Singer,85,2025-01-03,ðŸ†•
420,Dolores Hart,Actor,87,2024-01-03,â–²65
421,Bob Kahn,Engineer,87,2024-01-03,â–²65
422,Alan Baddeley,Psychologist,91,2024-01-03,â–²65
423,Sam Waterston,Film,85,2025-01-03,ðŸ†•
424,Daniel McFadden,Economist,88,2024-01-03,â–²64
425,Lorraine Gary,Actor,88,2024-01-03,â–²64
426,Waheeda Rehman,Actor,87,2024-01-03,â–²64
427,Ivan Sutherland,Inventor,87,2024-01-03,â–²64
428,Gwyneth Jones (soprano),Singer,89,2024-01-03,â–²64
429,Ann Bannon,Author,93,2024-01-03,â–²64
430,Judy Chicago,Painter,86,2024-01-03,â–²64
431,Phil Knight,Business,87,2024-01-03,â–²64
432,Anthony James Leggett,Physicist,87,2024-01-03,â–²64
433,Brett Halsey,Actor,92,2024-01-03,â–²64
434,George Akerlof,Economist,85,2025-01-03,ðŸ†•
435,Peter Burke (historian),Academic,88,2024-01-03,â–²63
436,Michael Artin,Mathematician,91,2024-01-03,â–²63
437,Patrick Leahy,Politician,85,2025-01-03,ðŸ†•
438,Kenneth H. Cooper,Doctor,94,2024-01-03,â–²64
439,Millie Perkins,Actor,87,2024-01-03,â–²64
440,Judy Blume,Writer,87,2024-01-03,â–²64
441,John Sculley,Business,86,2024-01-03,â–²64
442,George Hearn,Actor,91,2024-01-03,â–²64
443,Roy Hattersley,Author,93,2024-01-03,â–²64
444,Ron Rifkin,Film,86,2024-01-03,â–²64
445,Thomas Harris,Writer,85,2025-01-03,ðŸ†•
446,Paula Prentiss,Actor,87,2024-01-03,â–²63
447,Irwin M. Jacobs,Academic,92,2024-01-03,â–²63
448,David Owen,Politician,87,2024-01-03,â–²63
449,Guido Calabresi,Scholar,93,2024-01-03,â–²63
450,James Galway,Music,86,2024-01-03,â–²63
451,Barbara Boxer,Politician,85,2025-01-03,ðŸ†•
452,Yvonne Rainer,Film,91,2024-01-03,â–²62
453,Robert Littell (author),Novelist,90,2024-01-03,â–²62
454,Anne Osborn Krueger,Economist,91,2024-01-03,â–²62
455,Rusty Schweickart,Aeronautical,90,2024-01-03,â–²62
456,Sherrill Milnes,Singer,90,2024-01-03,â–²62
457,Don Bachardy,Painter,91,2024-01-03,â–²62
458,Marge Piercy,Writer,89,2024-01-03,â–²62
459,Elizabeth Ashley,Biographer,86,2024-01-03,â–²62
460,Norman Davies,Historian,86,2024-01-03,â–²62
461,John Rechy,Writer,94,2024-01-03,â–²63
462,Monte Markham,Actor,90,2024-01-03,â–²63
463,David Shire,Composer,88,2024-01-03,â–²64
464,Thomas Kean,Politician,90,2024-01-03,â–²64
465,Frankie Avalon,Singer,85,2025-01-03,ðŸ†•
466,Mike Farrell,Actor,86,2024-01-03,â–²63
467,Nancy Kovack,Actor,90,2024-01-03,â–²63
468,Ian Hunter (singer),Singer,86,2024-01-03,â–²63
469,Steny Hoyer,Politician,86,2024-01-03,â–²63
470,Nancy Kwan,Actor,86,2024-01-03,â–²63
471,Barry Corbin,Actor,85,2025-01-03,ðŸ†•
472,William Eggleston,Photographer,86,2024-01-03,â–²63
473,Mario Andretti,Driver,85,2025-01-03,ðŸ†•
474,Kenneth Clarke,Politician,85,2025-01-03,ðŸ†•
475,Roland Huntford,Author,98,2024-01-03,â–²61
476,Pauline Collins,Actor,85,2025-01-03,ðŸ†•
477,Mark di Suvero,Sculptor,92,2024-01-03,â–²60
478,Lee H. Hamilton,Politician,94,2024-01-03,â–²60
479,John Corigliano,Composer,87,2024-01-03,â–²60
480,Paul Williams (songwriter),Actor,85,2025-01-03,ðŸ†•
481,Lamar Alexander,Politician,85,2025-01-03,ðŸ†•
482,John Badham,Film,86,2024-01-03,â–²58
483,Ralph Steadman,Caricaturist,89,2024-01-03,â–²58
484,Robert Rubin,Politician,87,2024-01-03,â–²58
485,Richard Posner,Judge,86,2024-01-03,â–²58
486,Michael Murphy (actor),Actor,87,2024-01-03,â–²59
487,Alan Ayckbourn,Playwright,86,2024-01-03,â–²59
488,Tenley Albright,Skater,90,2024-01-03,â–²59
489,Georgina Spelvin,Actor,89,2024-01-03,â–²59
490,Linda Gray,Actor,85,2025-01-03,ðŸ†•
491,Roald Sagdeev,Physicist,93,2024-01-03,â–²59
492,Jill St. John,Actor,85,2025-01-03,ðŸ†•
493,Louis Begley,Novelist,92,2024-01-03,â–²58
494,Mario Capecchi,Biologist,88,2024-01-03,â–²59
495,Eleanor Bron,Actor,87,2024-01-03,â–²59
496,Bruce Davidson (photographer),Published,92,2024-01-03,â–²59
497,Dion DiMucci,Music,86,2024-01-03,â–²59
498,Lee Trevino,Golf,86,2024-01-03,â–²60
499,Raj Reddy,Computer Scientist,88,2024-01-03,â–²60
500,Michael Learned,Actor,86,2024-01-03,â–²60
501,Pete Wilson,Politician,92,2024-01-03,â–²61
502,Carol Kaye,Guitar,90,2024-01-03,â–²62
503,Roy Romer,Politician,97,2024-01-03,â–²62
504,Thomas R. Pickering,Diplomat,94,2024-01-03,â–²62
505,Margaret Drabble,Novelist,86,2024-01-03,â–²62
506,Harold E. Varmus,Virologist,86,2024-01-03,â–²62
507,James Burton,Guitar,86,2024-01-03,â–²62
508,Barry Mazur,Mathematician,88,2024-01-03,â–²62
509,Barbara Liskov,Computer Scientist,86,2024-01-03,â–²62
510,Ray Hyman,Psychologist,97,2024-01-03,â–²62
511,Irma P. Hall,Actor,90,2024-01-03,â–²62
512,Maxine Waters,Politician,87,2024-01-03,â–²62
513,Charles Lloyd (jazz musician),Composer,87,2024-01-03,â–²62
514,Dean Tavoularis,Scenographer,93,2024-01-03,â–²62
515,Burton Malkiel,Economist,93,2024-01-03,â–²63
516,Gary Graffman,Pianist,97,2024-01-03,â–²63
517,Stanley Fish,Philosopher,87,2024-01-03,â–²63
518,A. J. Foyt,Driver,90,2024-01-03,â–²63
519,Carver Mead,Computer Scientist,91,2024-01-03,â–²63
520,Peter Cook (architect),Lecturer,89,2024-01-03,â–²63
521,Morton Subotnick,Composer,92,2024-01-03,â–²63
522,Sam Nunn,Politician,87,2024-01-03,â–²64
523,Edward Feigenbaum,Computer Scientist,89,2024-01-03,â–²65
524,John Scott (composer),Bandleader,95,2024-01-03,â–²65
525,Annette Crosbie,Actor,91,2024-01-03,â–²65
526,Barney Frank,Politician,85,2025-01-03,ðŸ†•
527,Audrey Dalton,Actor,91,2024-01-03,â–²64
528,Robin Cook (American novelist),Writer,85,2025-01-03,ðŸ†•
529,Joe Torre,Baseball,85,2025-01-03,ðŸ†•
530,Bob Packwood,Politician,93,2024-01-03,â–²63
531,Adam Maida,Cardinal,95,2024-01-03,â–²63
532,Caryl Churchill,Screenwriter,87,2024-01-03,â–²63
533,Jacques VallÃƒÂ©e,Astronomer,86,2024-01-03,â–²63
534,Leonard Susskind,Physicist,85,2025-01-03,ðŸ†•
535,James Stafford,Priest,93,2024-01-03,â–²63
536,Elliott H. Lieb,Mathematician,93,2024-01-03,â–²63
537,Monty Roberts,Horse Trainer,90,2024-01-03,â–²63
538,Thelma Schoonmaker,Film,85,2025-01-03,ðŸ†•
539,John O'Keefe (neuroscientist),Neurologist,86,2024-01-03,â–²62
540,Brian Josephson,Physicist,85,2025-01-03,ðŸ†•
541,Eleanor Holmes Norton,Politician,88,2024-01-03,â–²62
542,Albert Hall (actor),Actor,88,2024-01-03,â–²62
543,Billy Mills,Track And Field,87,2024-01-03,â–²63
544,Tom Harkin,Politician,86,2024-01-03,â–²63
545,Elinor Donahue,Actor,88,2024-01-03,â–²63
546,David Jason,Actor,85,2025-01-03,ðŸ†•
547,Barry Mann,Singer,86,2024-01-03,â–²62
548,William Cohen,Politician,85,2025-01-03,ðŸ†•
549,Willie Brown (politician),Politician,91,2024-01-03,â–²61
550,Nicholas Wolterstorff,Philosopher,93,2024-01-03,â–²61
551,David Steel,Politician,87,2024-01-03,â–²61
552,Peter S. Beagle,Writer,86,2024-01-03,â–²61
553,Alan Kay,Computer Scientist,85,2025-01-03,ðŸ†•
554,Barry Barish,Physicist,89,2024-01-03,â–²61
555,Stewart Brand,Essayist,87,2024-01-03,â–²63
556,Elliot Aronson,Psychologist,93,2024-01-03,â–²63
557,Louise Lasser,Actor,86,2024-01-03,â–²63
558,Carla Anderson Hills,Politician,91,2024-01-03,â–²63
559,Jan Harold Brunvand,Anthropologist,92,2024-01-03,â–²63
560,Carl Yastrzemski,Baseball,86,2024-01-03,â–²63
561,Wilbur Ross,Financier,88,2024-01-03,â–²63
562,Mavis Staples,Singer,86,2024-01-03,â–²63
563,Pat Priest (actress),Actor,89,2024-01-03,â–²64
564,Allen Jones (artist),Painter,88,2024-01-03,â–²64
565,Cliff Hagan,Basket,94,2024-01-03,â–²64
566,Gerald R. Molen,Actor,90,2024-01-03,â–²64
567,Henry B. Eyring,Education,92,2024-01-03,â–²64
568,Robert Crippen,Astronaut,88,2024-01-03,â–²64
569,Lainie Kazan,Actor,85,2025-01-03,ðŸ†•
570,Joel-Peter Witkin,Photographer,86,2024-01-03,â–²63
571,Ishmael Reed,Poet,87,2024-01-03,â–²63
572,Leslie Parrish,Actor,90,2024-01-03,â–²63
573,Jerry Lucas,Basket,85,2025-01-03,ðŸ†•
574,Hubie Brown,Basket,92,2024-01-03,â–²62
575,Reri Grist,Music,93,2024-01-03,â–²62
576,Bob James (musician),Keyboardist,86,2024-01-03,â–²62
577,Roger Mahony,Cardinal,89,2024-01-03,â–²62
578,Patrick Wayne,Actor,86,2024-01-03,â–²62
579,Sonny Jurgensen,Football,91,2024-01-03,â–²62
580,Stephen Cook,Computer Scientist,86,2024-01-03,â–²62
581,T. Colin Campbell,Biochemist,91,2024-01-03,â–²62
582,Robert Caro,Author,90,2024-01-03,â–²62
583,Leland H. Hartwell,Geneticist,86,2024-01-03,â–²62
584,David Allan Coe,Singer,86,2024-01-03,â–²62
585,Peter Duesberg,Virologist,89,2024-01-03,â–²62
586,Roy Thomas,Artist,85,2025-01-03,ðŸ†•
587,Agnes Denes,Artist,94,2024-01-03,â–²61
588,Harry B. Gray,Chemist,90,2024-01-03,â–²61
589,Dan Hedaya,Actor,85,2025-01-03,ðŸ†•
590,Manfred Mann (musician),Music,85,2025-01-03,ðŸ†•
591,Thomas Kailath,Computer Scientist,90,2024-01-03,â–²59
592,Jack Hill,Film,92,2024-01-03,â–²59
593,Roy Thinnes,Actor,87,2024-01-03,â–²59
594,Peter Diamond,Economist,85,2025-01-03,ðŸ†•
595,Jorma Kaukonen,Guitar,85,2025-01-03,ðŸ†•
596,Michael Aspel,Television,92,2024-01-03,â–²58
597,G. Edward Griffin,Author,94,2024-01-03,â–²58
598,George Schaller,Biologist,92,2024-01-03,â–²58
599,Shirley Collins,Singer,90,2024-01-03,â–²59
600,Magdi Yacoub,Surgeon,90,2024-01-03,â–²59
601,Charles Cioffi,Actor,90,2024-01-03,â–²59
602,Nancy Kassebaum,Politician,93,2024-01-03,â–²59
603,Harvey Mansfield,Political Scientist,93,2024-01-03,â–²59
604,Al D'Amato,Politician,88,2024-01-03,â–²59
605,Don Black (lyricist),Songwriter,87,2024-01-03,â–²59
606,Emma Andijewska,Poet,94,2024-01-03,â–²59
607,Robert Colbert,Actor,94,2024-01-03,â–²59
608,John McPhee,Writer,94,2024-01-03,â–²59
609,Yvon Chouinard,Mountaineer,87,2024-01-03,â–²59
610,Bill Mazeroski,Baseball,89,2024-01-03,â–²59
611,RenÃƒÂ©e Richards,Player,91,2024-01-03,â–²59
612,Trevor Nunn,Theatre,85,2025-01-03,ðŸ†•
613,Donna Mills,Actor,85,2025-01-03,ðŸ†•
614,Lawrence Gordon (producer),Film,89,2024-01-03,â–²57
615,William Julius Wilson,Sociologist,90,2024-01-03,â–²57
616,Mike Ditka,Football,86,2024-01-03,â–²57
617,John Negroponte,Politician,86,2024-01-03,â–²57
618,George M. Whitesides,Chemist,86,2024-01-03,â–²57
619,Joseph D. Pistone,Crime,86,2024-01-03,â–²57
620,Raymond J. Barry,Actor,86,2024-01-03,â–²57
621,Daniel C. Tsui,Physicist,86,2024-01-03,â–²57
622,Peter Kreeft,Theologian,88,2024-01-03,â–²58
623,Kathryn Beaumont,Actor,87,2024-01-03,â–²58
624,Roland Burris,Politician,88,2024-01-03,â–²60
625,Frances Fox Piven,Political Scientist,93,2024-01-03,â–²61
626,Quentin Skinner,Philosopher,85,2025-01-03,ðŸ†•
627,Stu Phillips (composer),Composer,96,2024-01-03,â–²60
628,Robert Darnton,Historian,86,2024-01-03,â–²60
629,Arthur Scargill,Politician,87,2024-01-03,â–²60
630,Peggy Seeger,Singer,90,2024-01-03,â–²60
631,Susan Flannery,Actor,86,2024-01-03,â–²61
632,Tom Brokaw,Journalist,85,2025-01-03,ðŸ†•
633,Natalia Makarova,Ballet,85,2025-01-03,ðŸ†•
634,Dallin H. Oaks,Lawyer,93,2024-01-03,â–²59
635,Eddie Floyd,Singer,88,2024-01-03,â–²60
636,Hyman Bass,Mathematician,93,2024-01-03,â–²60
637,Robert Adams (photographer),Photographer,88,2024-01-03,â–²60
638,Ralph E. Gomory,Mathematician,96,2024-01-03,â–²60
639,Larry Brown (basketball),Basket,85,2025-01-03,ðŸ†•
640,Joan Jonas,Choreographer,89,2024-01-03,â–²59
641,William Bolcom,Pianist,87,2024-01-03,â–²59
642,Terry Kiser,Actor,86,2024-01-03,â–²59
643,Bud Selig,Baseball,91,2024-01-03,â–²59
644,Jane Wagner,Screenwriter,90,2024-01-03,â–²60
645,Hampton Fancher,Actor,87,2024-01-03,â–²60
646,Clarence Carter,Singer,89,2024-01-03,â–²60
647,Tommy Sands (American singer),Singer,88,2024-01-03,â–²60
648,John Danforth,Politician,89,2024-01-03,â–²60
649,Helen Prejean,Monk,86,2024-01-03,â–²62
650,Norman Spinrad,Writer,85,2025-01-03,ðŸ†•
651,Michael Hudson (economist),Economist,86,2024-01-03,â–²61
652,Peter H. Raven,Botanist,89,2024-01-03,â–²61
653,Jerry Kramer,Football,89,2024-01-03,â–²61
654,James Burrows,Screenwriter,85,2025-01-03,ðŸ†•
655,Rich Little,Impressionist,87,2024-01-03,â–²60
656,James E. Darnell,Biologist,95,2024-01-03,â–²60
657,Daniel J. Travanti,Actor,85,2025-01-03,ðŸ†•
658,Mason Williams,Music,87,2024-01-03,â–²60
659,Ken Jenkins,Actor,85,2025-01-03,ðŸ†•
660,James M. McPherson,Historian,89,2024-01-03,â–²59
661,Alan Walker (musicologist),Music,95,2024-01-03,â–²60
662,"Richard Layard, Baron Layard",Economist,91,2024-01-03,â–²61
663,Rudy Boschwitz,Politician,95,2024-01-03,â–²61
664,Bruce Babbitt,Politician,87,2024-01-03,â–²61
665,Jackie Joseph,Actor,91,2024-01-03,â–²61
666,Kevin Brownlow,Film,87,2024-01-03,â–²61
667,Chip Taylor,Music,85,2025-01-03,ðŸ†•
668,Viva (actress),Actor,87,2024-01-03,â–²60
669,Peter Atkins,Chemist,85,2025-01-03,ðŸ†•
670,Pema ChÃƒÂ¶drÃƒÂ¶n,Writer,89,2024-01-03,â–²59
671,Arthur Laffer,Economist,85,2025-01-03,ðŸ†•
672,Larry Peerce,Film,95,2024-01-03,â–²58
673,Bruce Alberts,Biochemist,87,2024-01-03,â–²58
674,Wanda Ventham,Actor,90,2024-01-03,â–²59
675,Wendy Craig,Actor,91,2024-01-03,â–²59
676,Mariette Hartley,Actor,85,2025-01-03,ðŸ†•
677,Talal Asad,Anthropologist,92,2024-01-03,â–²58
678,Jim Steranko,Artist,87,2024-01-03,â–²58
679,Michael Gazzaniga,Psychologist,86,2024-01-03,â–²58
680,Phil Roman,Animator,95,2024-01-03,â–²58
681,Matthew Carter,Designer,88,2024-01-03,â–²58
682,Bob Dishy,Actor,91,2024-01-03,â–²58
683,John Neumeier,Choreographer,86,2024-01-03,â–²58
684,Roger McGough,Author,88,2024-01-03,â–²58
685,Bill Gaither (gospel singer),Singer,89,2024-01-03,â–²58
686,David Kaplan (philosopher),Philosopher,92,2024-01-03,â–²58
687,Larry Hankin,Actor,85,2025-01-03,ðŸ†•
688,Brian Auger,Pianist,86,2024-01-03,â–²59
689,Claire Tomalin,Author,92,2024-01-03,â–²59
690,Fred Alan Wolf,Physicist,91,2024-01-03,â–²59
691,James Burke (science historian),Historian,89,2024-01-03,â–²59
692,John Hopcroft,Computer Scientist,86,2024-01-03,â–²60
693,Austin Pendleton,Playwright,85,2025-01-03,ðŸ†•
694,Peter Ueberroth,Polo,88,2024-01-03,â–²59
695,Ned Jarrett,Driver,93,2024-01-03,â–²59
696,Edward Gibson,Astronaut,89,2024-01-03,â–²59
697,Paul Craig Roberts,Economist,86,2024-01-03,â–²59
698,Jim McDermott,Politician,89,2024-01-03,â–²59
699,Neal Ascherson,Essayist,93,2024-01-03,â–²59
700,George Coleman,Music,90,2024-01-03,â–²59
701,Ray Stevens,Singer,86,2024-01-03,â–²59
702,John Leyton,Actor,90,2024-01-03,â–²59
703,Robert Shaye,Film,86,2024-01-03,â–²59
704,Porter Goss,Politician,87,2024-01-03,â–²59
705,Jane Elliott,Activist,92,2024-01-03,â–²59
706,Bill Medley,Singer,85,2025-01-03,ðŸ†•
707,Samuel Bowles (economist),Economist,89,2024-01-03,â–²58
708,Michael Bell (actor),Actor,87,2024-01-03,â–²58
709,Frank Serpico,Police,89,2024-01-03,â–²58
710,Richard Petty,Nascar,88,2024-01-03,â–²58
711,Hubert Laws,Music,86,2024-01-03,â–²58
712,Michael Fairman,Actor,91,2024-01-03,â–²58
713,Joel Meyerowitz,Photographer,87,2024-01-03,â–²58
714,David Zinman,Conductor,89,2024-01-03,â–²58
715,Nikolai Tolstoy,Writer,90,2024-01-03,â–²58
716,David Seltzer,Film,85,2025-01-03,ðŸ†•
717,Tony Bill,Actor,85,2025-01-03,ðŸ†•
718,Mary Beth Peil,Singer,85,2025-01-03,ðŸ†•
719,Margaret Hamilton (scientist),Computer Scientist,89,2024-01-03,â–²55
720,Robert A. M. Stern,Architect,86,2024-01-03,â–²55
721,Rita R. Colwell,Research,91,2024-01-03,â–²55
722,Peter Lupus,Actor,93,2024-01-03,â–²55
723,Anita Gillette,Actor,89,2024-01-03,â–²55
724,Patrick Godfrey,Actor,92,2024-01-03,â–²56
725,John Guare,Playwright,87,2024-01-03,â–²56
726,Fran Tarkenton,Football,85,2025-01-03,ðŸ†•
727,Judith Viorst,Writer,94,2024-01-03,â–²57
728,Joseph L. Goldstein,Geneticist,85,2025-01-03,ðŸ†•
729,Kenneth Copeland,Actor,89,2024-01-03,â–²56
730,John Dean,Attorney,87,2024-01-03,â–²57
731,Nanette Newman,Actor,91,2024-01-03,â–²58
732,Christian Wolff (composer),Composer,91,2024-01-03,â–²58
733,Melvyn Bragg,Screenwriter,86,2024-01-03,â–²58
734,Jim Clyburn,Politician,85,2025-01-03,ðŸ†•
735,Carol Heiss,Skater,85,2025-01-03,ðŸ†•
736,Carl Gottlieb,Screenwriter,87,2024-01-03,â–²56
737,P. J. Proby,Singer,87,2024-01-03,â–²57
738,Joachim Frank,Chemist,85,2025-01-03,ðŸ†•
739,Chris Farlowe,Singer,85,2025-01-03,ðŸ†•
740,Herbert Boyer,Research,89,2024-01-03,â–²55
741,Ruzena Bajcsy,Computer Scientist,92,2024-01-03,â–²56
742,Sara Dylan,Actor,86,2024-01-03,â–²56
743,Jane Yolen,Writer,86,2024-01-03,â–²57
744,Jo Anne Worley,Actor,88,2024-01-03,â–²57
745,Lou Antonio,Actor,91,2024-01-03,â–²57
746,James Gill (artist),Painter,91,2024-01-03,â–²57
747,Joseph P. Kerwin,Physician,93,2024-01-03,â–²58
748,Matt Clark (actor),Actor,89,2024-01-03,â–²58
749,Lynn Carlin,Actor,87,2024-01-03,â–²58
750,Walter Alvarez,Geologist,85,2025-01-03,ðŸ†•
751,Leon O. Chua,Academic,89,2024-01-03,â–²57
752,Max Baer Jr.,Actor,88,2024-01-03,â–²58
753,Jac Holzman,Entrepreneur,94,2024-01-03,â–²58
754,Theodore Zeldin,Historian,92,2024-01-03,â–²58
755,Kenneth J. Gergen,Psychologist,90,2024-01-03,â–²58
756,Dick Armey,Politician,85,2025-01-03,ðŸ†•
757,Richard Rhodes,Historian,88,2024-01-03,â–²57
758,Oliver Ford Davies,Actor,86,2024-01-03,â–²57
759,Stanley Norman Cohen,Geneticist,90,2024-01-03,â–²57
760,David Gates,Guitar,85,2025-01-03,ðŸ†•
761,Joseph P. Allen,Astronaut,88,2024-01-03,â–²56
762,Joan Blackman,Actor,87,2024-01-03,â–²56
763,Dee Palmer,Music,88,2024-01-03,â–²56
764,Madeleine Kunin,Politician,92,2024-01-03,â–²57
765,Rosey Grier,Actor,93,2024-01-03,â–²57
766,Dakin Matthews,Playwright,85,2025-01-03,ðŸ†•
767,Carole Pateman,Political Scientist,85,2025-01-03,ðŸ†•
768,Douglas McIlroy,Engineer,93,2024-01-03,â–²55
769,Jon Cypher,Actor,93,2024-01-03,â–²55
770,Ron Atkinson,Football,86,2024-01-03,â–²55
771,Bradley Efron,Bioinformatician,87,2024-01-03,â–²55
772,William G. Dever,Anthropologist,92,2024-01-03,â–²55
773,Stuart Kauffman,Biologist,86,2024-01-03,â–²55
774,Godfrey Reggio,Film,85,2025-01-03,ðŸ†•
775,Raymond Berry,Football,92,2024-01-03,â–²54
776,Anthony Lake,Political Scientist,86,2024-01-03,â–²54
777,Laurence Luckinbill,Film,91,2024-01-03,â–²54
778,Candi Staton,Singer,85,2025-01-03,ðŸ†•
779,Lucy R. Lippard,Writer,88,2024-01-03,â–²53
780,John Grinder,Linguist,85,2025-01-03,ðŸ†•
781,G. E. R. Lloyd,Historian,92,2024-01-03,â–²52
782,Richard Harrison (actor),Actor,89,2024-01-03,â–²52
783,Peter Max,Artist,88,2024-01-03,â–²52
784,Michael Deeley,Film,93,2024-01-03,â–²52
785,William Bell (singer),Singer,86,2024-01-03,â–²53
786,Ralph Towner,Guitar,85,2025-01-03,ðŸ†•
787,Stanley Hauerwas,Ethicist,85,2025-01-03,ðŸ†•
788,Gordon S. Wood,Historian,92,2024-01-03,â–²51
789,Michael Lindsay-Hogg,Film,85,2025-01-03,ðŸ†•
790,Grace Napolitano,Politician,89,2024-01-03,â–²51
791,"Robert Skidelsky, Baron Skidelsky",Historian,86,2024-01-03,â–²51
792,Buck Taylor,Actor,87,2024-01-03,â–²51
793,Bill Anderson (singer),Singer,88,2024-01-03,â–²51
794,Gary Raymond,Actor,90,2024-01-03,â–²51
795,Jeff Barry,Singer,87,2024-01-03,â–²51
796,John Hagee,Pastor,85,2025-01-03,ðŸ†•
797,Wendy Doniger,Indologist,85,2025-01-03,ðŸ†•
798,Arthur Butz,Professor,92,2024-01-03,â–²50
799,Phillip Griffiths,Mathematician,87,2024-01-03,â–²50
800,Steve Swallow,Composer,85,2025-01-03,ðŸ†•
801,Robert Pinsky,Poet,85,2025-01-03,ðŸ†•
802,Michael Schultz,Film,87,2024-01-03,â–²49
803,Robert Winston,Professor,85,2025-01-03,ðŸ†•
804,Dick Clement,Film,88,2024-01-03,â–²48
805,Claudette Colvin,Civil Rights,86,2024-01-03,â–²48
806,Bob Schieffer,Television,88,2024-01-03,â–²48
807,John H. Sununu,Politician,86,2024-01-03,â–²48
808,John Castle,Actor,85,2025-01-03,ðŸ†•
809,Houston Person,Music,91,2024-01-03,â–²47
810,Maxine Hong Kingston,Author,85,2025-01-03,ðŸ†•
811,Efraim Halevy,Diplomat,91,2024-01-03,â–²46
812,Iris Johansen,Novelist,87,2024-01-03,â–²46
813,Rod Paige,Politician,92,2024-01-03,â–²46
814,Anjanette Comer,Actor,86,2024-01-03,â–²46
815,Neil Abercrombie,Politician,87,2024-01-03,â–²46
816,Ann Jones (tennis),Player,87,2024-01-03,â–²46
817,George Ritzer,Sociologist,85,2025-01-03,ðŸ†•
818,Mary Jo Catlett,Actor,87,2024-01-03,â–²45
819,Zohra Lampert,Actor,88,2024-01-03,â–²45
820,Robert Eisenman,Anthropologist,88,2024-01-03,â–²46
821,Joanne Greenberg,Novelist,93,2024-01-03,â–²46
822,Luis Valdez,Film,85,2025-01-03,ðŸ†•
823,Donald Wuerl,Priest,85,2025-01-03,ðŸ†•
824,Chris Menges,Film,85,2025-01-03,ðŸ†•
825,Wavy Gravy,Comedian,89,2024-01-03,â–²44
826,Hal Rogers,Politician,88,2024-01-03,â–²44
827,Don Nelson,Basket,85,2025-01-03,ðŸ†•
828,Joel Fabiani,Actor,89,2024-01-03,â–²44
829,Stephen Kovacevich,Pianist,85,2025-01-03,ðŸ†•
830,Gene Kranz,Engineer,92,2024-01-03,â–²43
831,Geoffrey Horne,Actor,92,2024-01-03,â–²43
832,Reggie Workman,Music,88,2024-01-03,â–²43
833,Tak Fujimoto,Cinema,86,2024-01-03,â–²43
834,"Norman Fowler, Baron Fowler",Politician,87,2024-01-03,â–²43
835,Lois Capps,Politician,87,2024-01-03,â–²43
836,Gary Conway,Actor,89,2024-01-03,â–²43
837,Jonathan Tunick,Composer,87,2024-01-03,â–²43
838,Richard E. Stearns,Computer Scientist,89,2024-01-03,â–²43
839,Paul Stookey,Music,88,2024-01-03,â–²43
840,Satsvarupa dasa Goswami,Poet,86,2024-01-03,â–²43
841,Barry Primus,Screenwriter,87,2024-01-03,â–²44
842,Svetlana Alpers,Art Historian,89,2024-01-03,â–²44
843,"Kenneth Baker, Baron Baker of Dorking",Politician,91,2024-01-03,â–²44
844,Robert Alter,Scholar,90,2024-01-03,â–²44
845,James Petras,Sociologist,88,2024-01-03,â–²44
846,Steve Kuhn,Pianist,87,2024-01-03,â–²44
847,Cecil McBee,Music,90,2024-01-03,â–²44
848,Kevin Connor (director),Film,88,2024-01-03,â–²44
849,Arlie Russell Hochschild,Sociologist,85,2025-01-03,ðŸ†•
850,Tom Osborne,Football,88,2024-01-03,â–²44
851,Mary Peters (athlete),Athletic,86,2024-01-03,â–²44
852,Philip Anschutz,Business,86,2024-01-03,â–²44
853,John Harvey (author),Writer,87,2024-01-03,â–²44
854,Robert Mangold,Painter,88,2024-01-03,â–²44
855,Richard Schechner,Theatre,91,2024-01-03,â–²44
856,Charles Wright (poet),Writer,90,2024-01-03,â–²44
857,Freddy Cannon,Singer,86,2024-01-03,â–²44
858,Ketty Lester,Actor,91,2024-01-03,â–²44
859,Anthony S. Fauci,Immunologist,85,2025-01-03,ðŸ†•
860,Gary U.S. Bonds,Singer,86,2024-01-03,â–²43
861,Gilbert Shelton,Artist,85,2025-01-03,ðŸ†•
862,Martina Arroyo,Singer,89,2024-01-03,â–²42
863,Carroll Ballard,Film,88,2024-01-03,â–²43
864,Teresa Heinz,Philanthropist,87,2024-01-03,â–²43
865,Wayne Embry,Basket,88,2024-01-03,â–²43
866,Michael Posner (psychologist),Psychologist,89,2024-01-03,â–²43
867,Eva Rubinstein,Photographer,92,2024-01-03,â–²43
868,John Harbison,Composer,87,2024-01-03,â–²43
869,Dick Richards,Film,89,2024-01-03,â–²43
870,Ken Blanchard,Author,86,2024-01-03,â–²43
871,Howard Blake,Composer,87,2024-01-03,â–²43
872,Candace Hilligoss,Actor,90,2024-01-03,â–²44
873,Judy Cornwell,Actor,85,2025-01-03,ðŸ†•
874,John Schuck,Actor,85,2025-01-03,ðŸ†•
875,Lewis Teague,Film,87,2024-01-03,â–²42
876,Waris Hussein,Film,87,2024-01-03,â–²42
877,Ed Sanders,Music,86,2024-01-03,â–²42
878,Gene Chandler,Songwriter,88,2024-01-03,â–²42
879,Carole Ann Ford,Actor,85,2025-01-03,ðŸ†•
880,John W. Snow,Politician,86,2024-01-03,â–²41
881,Robin Knox-Johnston,Explorer,86,2024-01-03,â–²41
882,Vija Celmins,Painter,87,2024-01-03,â–²41
883,Doug Kershaw,Music,89,2024-01-03,â–²41
884,Karl E. Weick,Psychologist,89,2024-01-03,â–²41
885,Julian Barbour,Physicist,88,2024-01-03,â–²41
886,Jack Taylor (actor),Actor,89,2024-01-03,â–²41
887,Josh McDowell,Christian Apologist,86,2024-01-03,â–²42
888,Louis Wade Sullivan,Politician,92,2024-01-03,â–²42
889,Sal Buscema,Artist,89,2024-01-03,â–²42
890,Henry Waxman,Politician,86,2024-01-03,â–²42
891,John A. Russo,Screenwriter,86,2024-01-03,â–²42
892,Shani Wallis,Singer,92,2024-01-03,â–²42
893,John Poindexter,Officer,89,2024-01-03,â–²42
894,Robert S. Kaplan,Economist,85,2025-01-03,ðŸ†•
895,Colin Thubron,Writer,86,2024-01-03,â–²42
896,Alfred Uhry,Librettist,89,2024-01-03,â–²42
897,David Peoples,Screenwriter,85,2025-01-03,ðŸ†•
898,Dick Vitale,Basket,86,2024-01-03,â–²43
899,Henry Kamen,Historian,89,2024-01-03,â–²43
900,Edwin Frederick O'Brien,Cardinal,87,2024-01-03,â–²43
901,John M. Deutch,Chemist,87,2024-01-03,â–²43
902,William Kotzwinkle,Screenwriter,87,2024-01-03,â–²43
903,Graham T. Allison,Political Scientist,85,2025-01-03,ðŸ†•
904,Nicky Cruz,Evangelist,87,2024-01-03,â–²42
905,Ellen Taaffe Zwilich,Composer,86,2024-01-03,â–²42
906,Marlo Morgan,Novelist,88,2024-01-03,â–²42
907,Leroy Hood,Biologist,87,2024-01-03,â–²42
908,Robert Hooks,Actor,88,2024-01-03,â–²42
909,Peter Breggin,Psychiatrist,89,2024-01-03,â–²42
910,Justin Francis Rigali,Cardinal,90,2024-01-03,â–²42
911,Joanna Miles,Actor,85,2025-01-03,ðŸ†•
912,Dennis DeConcini,Politician,88,2024-01-03,â–²42
913,Neil Sloane,Mathematician,86,2024-01-03,â–²42
914,Joe Pytka,Film,87,2024-01-03,â–²42
915,Jerry Colangelo,Basket,86,2024-01-03,â–²42
916,Barry De Vorzon,Composer,91,2024-01-03,â–²42
917,Simone Forti,Composer,90,2024-01-03,â–²42
918,Del Harris,Basket,88,2024-01-03,â–²42
919,John Irvin,Film,85,2025-01-03,ðŸ†•
920,Ralph Gibson,Photographer,86,2024-01-03,â–²41
921,Adam Przeworski,Political Scientist,85,2025-01-03,ðŸ†•
922,Lonnie Liston Smith,Composer,85,2025-01-03,ðŸ†•
923,Patrick Robinson (author),Writer,86,2024-01-03,â–²40
924,Gary Chapman (author),Pastor,87,2024-01-03,â–²40
925,Ricky Tomlinson,Actor,86,2024-01-03,â–²41
926,Mike Mainieri,Composer,87,2024-01-03,â–²41
927,John Esposito,Professor,85,2025-01-03,ðŸ†•
928,Frank Converse,Actor,87,2024-01-03,â–²40
929,Manuel Blum,Computer Scientist,87,2024-01-03,â–²40
930,John C. Wells,Linguist,86,2024-01-03,â–²40
931,James Glimm,Mathematician,91,2024-01-03,â–²41
932,Richard Zare,Chemist,86,2024-01-03,â–²41
933,Paul Winter,Composer,86,2024-01-03,â–²42
934,David Jenkins (figure skater),Skater,89,2024-01-03,â–²42
935,"Christopher Tugendhat, Baron Tugendhat",Politician,88,2024-01-03,â–²42
936,Brian Bennett,Composer,85,2025-01-03,ðŸ†•
937,Tony Hatch,Composer,86,2024-01-03,â–²41
938,John W. Dower,Author,87,2024-01-03,â–²41
939,Mary Ann Glendon,Diplomat,87,2024-01-03,â–²41
940,Ric O'Barry,Activist,86,2024-01-03,â–²41
941,David Price (American politician),Politician,85,2025-01-03,ðŸ†•
942,Cleve Moler,Mathematician,86,2024-01-03,â–²40
943,Ian Underwood,Music,86,2024-01-03,â–²40
944,Tom Monaghan,Entrepreneur,88,2024-01-03,â–²40
945,Alan Ford (actor),Actor,87,2024-01-03,â–²40
946,Zandra Rhodes,Designer,85,2025-01-03,ðŸ†•
947,Peter Bonerz,Film,87,2024-01-03,â–²39
948,Joyce Johnson,Novelist,90,2024-01-03,â–²39
949,Andrew Neiderman,Screenwriter,85,2025-01-03,ðŸ†•
950,David A. Kolb,Education,86,2024-01-03,â–²38
951,Lou Holtz,Football,88,2024-01-03,â–²38
952,Carol Morris,Model,89,2024-01-03,â–²38
953,Charles Fox (composer),Composer,85,2025-01-03,ðŸ†•
954,Chuck Robb,Politician,86,2024-01-03,â–²37
955,James Bolam,Actor,90,2024-01-03,â–²37
956,Robin Hartshorne,Mathematician,87,2024-01-03,â–²37
957,Lawrence Pressman,Film,86,2024-01-03,â–²37
958,Barry Cunliffe,Anthropologist,86,2024-01-03,â–²37
959,BarBara Luna,Actor,86,2024-01-03,â–²37
960,Joan Tower,Conductor,87,2024-01-03,â–²37
961,Joe Gibbs,Nascar,85,2025-01-03,ðŸ†•
962,Nancy Coover Andreasen,Psychiatrist,87,2024-01-03,â–²36
963,Jack R. Lousma,Aeronautical,89,2024-01-03,â–²36
964,Tommy Tune,Choreographer,86,2024-01-03,â–²36
965,Gary Bartz,Composer,85,2025-01-03,ðŸ†•
966,Connie Mack III,Politician,85,2025-01-03,ðŸ†•
967,Bradford Parkinson,Engineer,90,2024-01-03,â–²35
968,Luis Rafael SÃƒÂ¡nchez,Novelist,89,2024-01-03,â–²35
969,Billy Boy Arnold,Singer,90,2024-01-03,â–²35
970,Benjamin Zander,Conductor,86,2024-01-03,â–²35
971,Tom Flores,Coach,88,2024-01-03,â–²35
972,Marian Wright Edelman,Lawyer,86,2024-01-03,â–²35
973,Juliet Mitchell,Psychologist,85,2025-01-03,ðŸ†•
974,Renata Adler,Novelist,87,2024-01-03,â–²34
975,Tony Darrow,Actor,87,2024-01-03,â–²34
976,Keith Ward,Theologian,87,2024-01-03,â–²34
977,John Kingman,Mathematician,86,2024-01-03,â–²34
978,Quinlan Terry,Architect,88,2024-01-03,â–²34
979,Jimmie Nicol,Music,86,2024-01-03,â–²34
980,Solomon H. Snyder,Neuroscientist,87,2024-01-03,â–²34
981,Richard Lindzen,Physicist,85,2025-01-03,ðŸ†•
982,Bob Lilly,Football,86,2024-01-03,â–²34
983,Tony Ross,Writer,87,2024-01-03,â–²34
984,Maury Povich,Presenter,86,2024-01-03,â–²34
985,Martin Sherman,Screenwriter,87,2024-01-03,â–²34
986,Joe Alves,Film,89,2024-01-03,â–²34
987,Tony Anthony (actor),Actor,88,2024-01-03,â–²34
988,Dennis Tito,Entrepreneur,85,2025-01-03,ðŸ†•
989,Janette Scott,Actor,87,2024-01-03,â–²33
990,"Caroline Cox, Baroness Cox",Politician,88,2024-01-03,â–²33
991,Marty Wilde,Singer,86,2024-01-03,â–²33
992,Michael Edwards (literary scholar),Writer,87,2024-01-03,â–²33
993,Bill Watts,Wrestler,86,2024-01-03,â–²33
994,Helen Donath,Singer,85,2025-01-03,ðŸ†•
995,Philippe de Montebello,Art Historian,89,2024-01-03,â–²33
996,Denis Noble,Biologist,89,2024-01-03,â–²33
997,Ted Kaufman,Politician,86,2024-01-03,â–²33
998,Michael Cook (historian),Historian,85,2025-01-03,ðŸ†•
999,Lawrence Schiller,Film,89,2024-01-03,â–²32
1000,Albert Mehrabian,Psychologist,86,2024-01-03,â–²32
1001,Arthur Jaffe,Mathematician,88,2024-01-03,â–²32
1002,Kim Weston,Singer,86,2024-01-03,â–²32
1003,Bailey Howell,Basket,88,2024-01-03,â–²33
1004,Satch Sanders,Basket,87,2024-01-03,â–²33
1005,Michael Fried,Art Historian,86,2024-01-03,â–²33
1006,Bennie Maupin,Clarinet,85,2025-01-03,ðŸ†•
1007,Frank McLintock,Football,86,2024-01-03,â–²32
1008,Christina Crawford,Actor,86,2024-01-03,â–²32
1009,Richard D. Ryder,Psychologist,85,2025-01-03,ðŸ†•
1010,Connie Mason,Actor,88,2024-01-03,â–²31
1011,Dan Burton,Politician,87,2024-01-03,â–²31
1012,Larry Bryggman,Actor,87,2024-01-03,â–²31
1013,Chuck Rainey,Music,85,2025-01-03,ðŸ†•
1014,Bobby Rush (musician),Composer,85,2025-01-03,ðŸ†•
1015,Peter Gerety,Actor,85,2025-01-03,ðŸ†•
1016,Dave Obey,Politician,87,2024-01-03,â–²28
1017,Billy Hart,Music,85,2025-01-03,ðŸ†•
1018,Willie John McBride,Player,85,2025-01-03,ðŸ†•
1019,Louis Hayes,Music,88,2024-01-03,â–²26
1020,David Aaker,Economist,87,2024-01-03,â–²26
1021,Jon Halliday,Historian,86,2024-01-03,â–²26
1022,Lucinda Childs,Choreographer,85,2025-01-03,ðŸ†•
1023,David Broome,Jumper,85,2025-01-03,ðŸ†•
1024,Gordon Milne,Football,88,2024-01-03,â–²24
1025,Jim Hunt,Politician,88,2024-01-03,â–²24
1026,Stephen J. Lippard,Chemist,85,2025-01-03,ðŸ†•
1027,Larry Bell (artist),Sculptor,86,2024-01-03,â–²23
1028,Ina May Gaskin,Midwife,85,2025-01-03,ðŸ†•
1029,Richard Chew,Film,85,2025-01-03,ðŸ†•
1030,Clive Wearing,Conductor,87,2024-01-03,â–²22
1031,John Berendt,Writer,86,2024-01-03,â–²22
1032,Tom Meschery,Basket,87,2024-01-03,â–²22
1033,Robert Swindells,Writer,86,2024-01-03,â–²22
1034,James E. Gunn (astronomer),Astronomer,87,2024-01-03,â–²22
1035,Geoffrey Boycott,Cricket,85,2025-01-03,ðŸ†•
1036,Ben Cayetano,Politician,86,2024-01-03,â–²21
1037,James Fargo,Film,87,2024-01-03,â–²21
1038,Harry Northup,Actor,85,2025-01-03,ðŸ†•
1039,Beth Fowler,Actor,85,2025-01-03,ðŸ†•
1040,Taylor Wang,Astronaut,85,2025-01-03,ðŸ†•
1041,Philip Proctor,Actor,85,2025-01-03,ðŸ†•
1042,Tony Asher,Songwriter,86,2024-01-03,â–²17
1043,Arthur Elgort,Photographer,85,2025-01-03,ðŸ†•
1044,Terry Paine,Football,86,2024-01-03,â–²16
1045,Averil Cameron,Historian,85,2025-01-03,ðŸ†•
1046,Lance Alworth,Football,85,2025-01-03,ðŸ†•
1047,Jake Holmes,Singer,86,2024-01-03,â–²14
1048,Paula Gosling,Novelist,86,2024-01-03,â–²14
1049,Marco St. John,Actor,86,2024-01-03,â–²14
1050,Stanley Mouse,Painter,85,2025-01-03,ðŸ†•
1051,Mary Rand,Athletic,85,2025-01-03,ðŸ†•
1052,Roger Kellaway,Composer,86,2024-01-03,â–²12
1053,Thomas McGuane,Writer,86,2024-01-03,â–²12
1054,Stephen H. Burum,Cinema,86,2024-01-03,â–²12
1055,Michael Wadleigh,Film,86,2024-01-03,â–²12
1056,Penny Fuller,Actor,85,2025-01-03,ðŸ†•
1057,Jack Shepherd (actor),Actor,85,2025-01-03,ðŸ†•
1058,RubÃƒÂ©n Hinojosa,Politician,85,2025-01-03,ðŸ†•
1059,Ernest Sosa,Philosopher,85,2025-01-03,ðŸ†•
1060,Louise Sorel,Actor,85,2025-01-03,ðŸ†•
1061,John Cornwell (writer),Novelist,85,2025-01-03,ðŸ†•
1062,Daniel Goldin,Politician,85,2025-01-03,ðŸ†•
1063,Kenneth Binmore,Economist,85,2025-01-03,ðŸ†•
1064,Richard Edlund,Special Effects,85,2025-01-03,ðŸ†•
1065,Wyche Fowler,Politician,85,2025-01-03,ðŸ†•
1066,Roscoe Mitchell,Composer,85,2025-01-03,ðŸ†•
1067,Jo Ann Pflug,Actor,85,2025-01-03,ðŸ†•
1068,Frances Mayes,Novelist,85,2025-01-03,ðŸ†•
1069,David Ackroyd,Actor,85,2025-01-03,ðŸ†•
1070,Deanna Dunagan,Actor,85,2025-01-03,ðŸ†•
