Name,Profession,Approximate Age,Date Added to Alivewatch
Deanna Dunagan,Actor,85,2025-01-03
John Esposito,Professor,85,2025-01-03
Barry Corbin,Actor,85,2025-01-03
Robert Winston,Professor,85,2025-01-03
David Price (American politician),Politician,85,2025-01-03
Frankie Avalon,Singer,85,2025-01-03
Brian Bennett,Composer,85,2025-01-03
John Castle,Actor,85,2025-01-03
Maxine Hong Kingston,Author,85,2025-01-03
Quentin Skinner,Philosopher,85,2025-01-03
Bill Medley,Singer,85,2025-01-03
Tom Brokaw,Journalist,85,2025-01-03
Joanna Miles,Actor,85,2025-01-03
Natalia Makarova,Ballet,85,2025-01-03
George Ritzer,Sociologist,85,2025-01-03
Barbara Boxer,Politician,85,2025-01-03
Lonnie Liston Smith,Composer,85,2025-01-03
Adam Przeworski,Political Scientist,85,2025-01-03
John Irvin,Film,85,2025-01-03
Larry Brown (basketball),Basket,85,2025-01-03
Thomas Harris,Writer,85,2025-01-03
Luis Valdez,Film,85,2025-01-03
Zandra Rhodes,Designer,85,2025-01-03
Robert Pinsky,Poet,85,2025-01-03
Mario Andretti,Driver,85,2025-01-03
Andrew Neiderman,Screenwriter,85,2025-01-03
Michael Lindsay-Hogg,Film,85,2025-01-03
Juliet Mitchell,Psychologist,85,2025-01-03
Jill St. John,Actor,85,2025-01-03
Linda Gray,Actor,85,2025-01-03
Mary Beth Peil,Singer,85,2025-01-03
Tony Bill,Actor,85,2025-01-03
Connie Mack III,Politician,85,2025-01-03
Gary Bartz,Composer,85,2025-01-03
David Seltzer,Film,85,2025-01-03
John Hagee,Pastor,85,2025-01-03
Joe Gibbs,Nascar,85,2025-01-03
Lamar Alexander,Politician,85,2025-01-03
Paul Williams (songwriter),Actor,85,2025-01-03
Trevor Nunn,Theatre,85,2025-01-03
Donna Mills,Actor,85,2025-01-03
Charles Fox (composer),Composer,85,2025-01-03
Pauline Collins,Actor,85,2025-01-03
Steve Swallow,Composer,85,2025-01-03
Kenneth Clarke,Politician,85,2025-01-03
Donald Wuerl,Priest,85,2025-01-03
Chris Menges,Film,85,2025-01-03
Ralph Towner,Guitar,85,2025-01-03
James Cromwell,Actor,85,2025-01-03
Carole Ann Ford,Actor,85,2025-01-03
Julie Christie,Actor,85,2025-01-03
Jeffrey Archer,Novelist,85,2025-01-03
John Schuck,Actor,85,2025-01-03
Judy Cornwell,Actor,85,2025-01-03
Chip Taylor,Music,85,2025-01-03
Peter Atkins,Chemist,85,2025-01-03
Lance Henriksen,Actor,85,2025-01-03
Nancy Sinatra,Singer,85,2025-01-03
Jack Nicklaus,Golf,85,2025-01-03
Don Nelson,Basket,85,2025-01-03
Arthur Laffer,Economist,85,2025-01-03
Herbie Hancock,Singer,85,2025-01-03
Gilbert Shelton,Artist,85,2025-01-03
Arlie Russell Hochschild,Sociologist,85,2025-01-03
Anthony S. Fauci,Immunologist,85,2025-01-03
Kip Thorne,Physicist,85,2025-01-03
Nancy Pelosi,Politician,85,2025-01-03
Mariette Hartley,Actor,85,2025-01-03
Dionne Warwick,Singer,85,2025-01-03
Cliff Richard,Actor,85,2025-01-03
Katharine Ross,Actor,85,2025-01-03
Brian De Palma,Film,85,2025-01-03
James Brolin,Actor,85,2025-01-03
Austin Pendleton,Playwright,85,2025-01-03
Patrick Leahy,Politician,85,2025-01-03
Chuck Mangione,Conductor,85,2025-01-03
Graham T. Allison,Political Scientist,85,2025-01-03
Stephen Kovacevich,Pianist,85,2025-01-03
George Akerlof,Economist,85,2025-01-03
Terry Gilliam,Film,85,2025-01-03
Norman Spinrad,Writer,85,2025-01-03
David Peoples,Screenwriter,85,2025-01-03
Martin Sheen,Actor,85,2025-01-03
James Burrows,Screenwriter,85,2025-01-03
Tom Jones (singer),Singer,85,2025-01-03
Robert S. Kaplan,Economist,85,2025-01-03
Daniel J. Travanti,Actor,85,2025-01-03
Sam Waterston,Film,85,2025-01-03
Ken Jenkins,Actor,85,2025-01-03
Larry Hankin,Actor,85,2025-01-03
Smokey Robinson,Singer,85,2025-01-03
James L. Brooks,Screenwriter,85,2025-01-03
Stanley Hauerwas,Ethicist,85,2025-01-03
Wendy Doniger,Indologist,85,2025-01-03
Edmund White,Novelist,85,2025-01-03
Stanley Mouse,Painter,85,2025-01-03
Lance Alworth,Football,85,2025-01-03
Robin Cook (American novelist),Writer,85,2025-01-03
Willie John McBride,Player,85,2025-01-03
Billy Hart,Music,85,2025-01-03
Barney Frank,Politician,85,2025-01-03
Peter Gerety,Actor,85,2025-01-03
Bobby Rush (musician),Composer,85,2025-01-03
Mary Rand,Athletic,85,2025-01-03
Alan Kay,Computer Scientist,85,2025-01-03
Chuck Rainey,Music,85,2025-01-03
Lainie Kazan,Actor,85,2025-01-03
Walter Alvarez,Geologist,85,2025-01-03
Carol Heiss,Skater,85,2025-01-03
Dakin Matthews,Playwright,85,2025-01-03
David Jason,Actor,85,2025-01-03
"Meghnad Desai, Baron Desai",Economist,85,2025-01-03
Averil Cameron,Historian,85,2025-01-03
Joachim Frank,Chemist,85,2025-01-03
Lucinda Childs,Choreographer,85,2025-01-03
David Broome,Jumper,85,2025-01-03
Geoffrey Boycott,Cricket,85,2025-01-03
Harry Northup,Actor,85,2025-01-03
Dick Armey,Politician,85,2025-01-03
Beth Fowler,Actor,85,2025-01-03
Leonard Susskind,Physicist,85,2025-01-03
Taylor Wang,Astronaut,85,2025-01-03
Philip Proctor,Actor,85,2025-01-03
Richard Chew,Film,85,2025-01-03
Ina May Gaskin,Midwife,85,2025-01-03
Brian Josephson,Physicist,85,2025-01-03
David Gates,Guitar,85,2025-01-03
Stephen J. Lippard,Chemist,85,2025-01-03
Chris Farlowe,Singer,85,2025-01-03
Arthur Elgort,Photographer,85,2025-01-03
Joe Torre,Baseball,85,2025-01-03
Jerry Lucas,Basket,85,2025-01-03
Richard D. Ryder,Psychologist,85,2025-01-03
Bennie Maupin,Clarinet,85,2025-01-03
Helen Donath,Singer,85,2025-01-03
Candi Staton,Singer,85,2025-01-03
Roy Thomas,Artist,85,2025-01-03
Kenneth Binmore,Economist,85,2025-01-03
Fran Tarkenton,Football,85,2025-01-03
John Grinder,Linguist,85,2025-01-03
Dan Hedaya,Actor,85,2025-01-03
Dennis Tito,Entrepreneur,85,2025-01-03
Manfred Mann (musician),Music,85,2025-01-03
Richard Edlund,Special Effects,85,2025-01-03
Wyche Fowler,Politician,85,2025-01-03
Roscoe Mitchell,Composer,85,2025-01-03
Jo Ann Pflug,Actor,85,2025-01-03
Frances Mayes,Novelist,85,2025-01-03
Peter Diamond,Economist,85,2025-01-03
David Ackroyd,Actor,85,2025-01-03
Jorma Kaukonen,Guitar,85,2025-01-03
Richard Lindzen,Physicist,85,2025-01-03
William Cohen,Politician,85,2025-01-03
Daniel Goldin,Politician,85,2025-01-03
Thelma Schoonmaker,Film,85,2025-01-03
Ernest Sosa,Philosopher,85,2025-01-03
Jack Shepherd (actor),Actor,85,2025-01-03
Penny Fuller,Actor,85,2025-01-03
John Cornwell (writer),Novelist,85,2025-01-03
RubÃ©n Hinojosa,Politician,85,2025-01-03
Michael Cook (historian),Historian,85,2025-01-03
Godfrey Reggio,Film,85,2025-01-03
Louise Sorel,Actor,85,2025-01-03
Jim Clyburn,Politician,85,2025-01-03
Carole Pateman,Political Scientist,85,2025-01-03
Joseph L. Goldstein,Geneticist,85,2025-01-03
John Neumeier,Choreographer,86,2024-01-03
Roger McGough,Author,88,2024-01-03
Erin Pizzey,Writer,86,2024-01-03
Bob Dishy,Actor,91,2024-01-03
Fred Alan Wolf,Physicist,91,2024-01-03
Claire Tomalin,Author,92,2024-01-03
Jo Anne Worley,Actor,88,2024-01-03
Michael Gazzaniga,Psychologist,86,2024-01-03
Brian Auger,Pianist,86,2024-01-03
Bill Gaither (gospel singer),Singer,89,2024-01-03
James Gill (artist),Painter,91,2024-01-03
Jane Yolen,Writer,86,2024-01-03
David Kaplan (philosopher),Philosopher,92,2024-01-03
Lou Antonio,Actor,91,2024-01-03
Phil Roman,Animator,95,2024-01-03
Matthew Carter,Designer,88,2024-01-03
Nicholas Grimshaw,Architect,86,2024-01-03
James Burke (science historian),Historian,89,2024-01-03
Richard Petty,Nascar,88,2024-01-03
Michael Fairman,Actor,91,2024-01-03
Melvyn Bragg,Screenwriter,86,2024-01-03
Christian Wolff (composer),Composer,91,2024-01-03
Nanette Newman,Actor,91,2024-01-03
Flaco JimÃ©nez,Music,86,2024-01-03
John Dean,Attorney,87,2024-01-03
Joel Meyerowitz,Photographer,87,2024-01-03
Kenneth Copeland,Actor,89,2024-01-03
Judith Viorst,Writer,94,2024-01-03
David Zinman,Conductor,89,2024-01-03
Jim Steranko,Artist,87,2024-01-03
Nikolai Tolstoy,Writer,90,2024-01-03
Margaret Hamilton (scientist),Computer Scientist,89,2024-01-03
Stella Rimington,Author,90,2024-01-03
Robert A. M. Stern,Architect,86,2024-01-03
John Guare,Playwright,87,2024-01-03
Patrick Godfrey,Actor,92,2024-01-03
Rita R. Colwell,Research,91,2024-01-03
Peter Lupus,Actor,93,2024-01-03
Hubert Laws,Music,86,2024-01-03
Frank Serpico,Police,89,2024-01-03
Sara Dylan,Actor,86,2024-01-03
Michael Bell (actor),Actor,87,2024-01-03
Ruzena Bajcsy,Computer Scientist,92,2024-01-03
John Hopcroft,Computer Scientist,86,2024-01-03
Pippa Scott,Actor,90,2024-01-03
Herbert Boyer,Research,89,2024-01-03
Peter Ueberroth,Polo,88,2024-01-03
Ned Jarrett,Driver,93,2024-01-03
Edward Gibson,Astronaut,89,2024-01-03
Anita Gillette,Actor,89,2024-01-03
Jim McDermott,Politician,89,2024-01-03
Neal Ascherson,Essayist,93,2024-01-03
George Coleman,Music,90,2024-01-03
P. J. Proby,Singer,87,2024-01-03
Ray Stevens,Singer,86,2024-01-03
John Leyton,Actor,90,2024-01-03
Robert Shaye,Film,86,2024-01-03
Porter Goss,Politician,87,2024-01-03
Jane Elliott,Activist,92,2024-01-03
Carl Gottlieb,Screenwriter,87,2024-01-03
Samuel Bowles (economist),Economist,89,2024-01-03
Paul Craig Roberts,Economist,86,2024-01-03
Hampton Fancher,Actor,87,2024-01-03
Talal Asad,Anthropologist,92,2024-01-03
T. Colin Campbell,Biochemist,91,2024-01-03
Leland H. Hartwell,Geneticist,86,2024-01-03
David Allan Coe,Singer,86,2024-01-03
Peter Duesberg,Virologist,89,2024-01-03
Agnes Denes,Artist,94,2024-01-03
Harry B. Gray,Chemist,90,2024-01-03
Thomas Kailath,Computer Scientist,90,2024-01-03
Jack Hill,Film,92,2024-01-03
Roy Thinnes,Actor,87,2024-01-03
Michael Aspel,Television,92,2024-01-03
G. Edward Griffin,Author,94,2024-01-03
George Schaller,Biologist,92,2024-01-03
Shirley Collins,Singer,90,2024-01-03
Magdi Yacoub,Surgeon,90,2024-01-03
Charles Cioffi,Actor,90,2024-01-03
Nancy Kassebaum,Politician,93,2024-01-03
Harvey Mansfield,Political Scientist,93,2024-01-03
Al D'Amato,Politician,88,2024-01-03
Don Black (lyricist),Songwriter,87,2024-01-03
Emma Andijewska,Poet,94,2024-01-03
Robert Colbert,Actor,94,2024-01-03
John McPhee,Writer,94,2024-01-03
Yvon Chouinard,Mountaineer,87,2024-01-03
Bill Mazeroski,Baseball,89,2024-01-03
Robert Caro,Author,90,2024-01-03
Stephen Cook,Computer Scientist,86,2024-01-03
Lawrence Gordon (producer),Film,89,2024-01-03
Sonny Jurgensen,Football,91,2024-01-03
Barry Barish,Physicist,89,2024-01-03
Stewart Brand,Essayist,87,2024-01-03
Elliot Aronson,Psychologist,93,2024-01-03
Louise Lasser,Actor,86,2024-01-03
Carla Anderson Hills,Politician,91,2024-01-03
Jan Harold Brunvand,Anthropologist,92,2024-01-03
Carl Yastrzemski,Baseball,86,2024-01-03
Wilbur Ross,Financier,88,2024-01-03
Mavis Staples,Singer,86,2024-01-03
Pat Priest (actress),Actor,89,2024-01-03
Allen Jones (artist),Painter,88,2024-01-03
Cliff Hagan,Basket,94,2024-01-03
Gerald R. Molen,Actor,90,2024-01-03
Henry B. Eyring,Education,92,2024-01-03
Robert Crippen,Astronaut,88,2024-01-03
Joel-Peter Witkin,Photographer,86,2024-01-03
Ishmael Reed,Poet,87,2024-01-03
Leslie Parrish,Actor,90,2024-01-03
Hubie Brown,Basket,92,2024-01-03
Reri Grist,Music,93,2024-01-03
Bob James (musician),Keyboardist,86,2024-01-03
Roger Mahony,Cardinal,89,2024-01-03
Patrick Wayne,Actor,86,2024-01-03
RenÃ©e Richards,Player,91,2024-01-03
William Julius Wilson,Sociologist,90,2024-01-03
Wendy Craig,Actor,91,2024-01-03
Clarence Carter,Singer,89,2024-01-03
John Danforth,Politician,89,2024-01-03
Kenneth Colley,Actor,88,2024-01-03
Daniel Kleppner,Physicist,93,2024-01-03
Helen Prejean,Monk,86,2024-01-03
Michael Hudson (economist),Economist,86,2024-01-03
Peter H. Raven,Botanist,89,2024-01-03
Jerry Kramer,Football,89,2024-01-03
Rich Little,Impressionist,87,2024-01-03
James E. Darnell,Biologist,95,2024-01-03
Mason Williams,Music,87,2024-01-03
James M. McPherson,Historian,89,2024-01-03
John F. MacArthur,Writer,86,2024-01-03
Alan Walker (musicologist),Music,95,2024-01-03
"Richard Layard, Baron Layard",Economist,91,2024-01-03
Rudy Boschwitz,Politician,95,2024-01-03
Bruce Babbitt,Politician,87,2024-01-03
Jackie Joseph,Actor,91,2024-01-03
Kevin Brownlow,Film,87,2024-01-03
Viva (actress),Actor,87,2024-01-03
Pema ChÃ¶drÃ¶n,Writer,89,2024-01-03
Larry Peerce,Film,95,2024-01-03
Bruce Alberts,Biochemist,87,2024-01-03
Wanda Ventham,Actor,90,2024-01-03
Tommy Sands (American singer),Singer,88,2024-01-03
Matt Clark (actor),Actor,89,2024-01-03
Mike Ditka,Football,86,2024-01-03
Jane Wagner,Screenwriter,90,2024-01-03
John Negroponte,Politician,86,2024-01-03
George M. Whitesides,Chemist,86,2024-01-03
Joseph D. Pistone,Crime,86,2024-01-03
Raymond J. Barry,Actor,86,2024-01-03
Daniel C. Tsui,Physicist,86,2024-01-03
Peter Kreeft,Theologian,88,2024-01-03
Kathryn Beaumont,Actor,87,2024-01-03
Roland Burris,Politician,88,2024-01-03
Frances Fox Piven,Political Scientist,93,2024-01-03
Stu Phillips (composer),Composer,96,2024-01-03
Robert Darnton,Historian,86,2024-01-03
Arthur Scargill,Politician,87,2024-01-03
Peggy Seeger,Singer,90,2024-01-03
Susan Flannery,Actor,86,2024-01-03
Dallin H. Oaks,Lawyer,93,2024-01-03
Eddie Floyd,Singer,88,2024-01-03
Hyman Bass,Mathematician,93,2024-01-03
Robert Adams (photographer),Photographer,88,2024-01-03
Ralph E. Gomory,Mathematician,96,2024-01-03
Joan Jonas,Choreographer,89,2024-01-03
William Bolcom,Pianist,87,2024-01-03
Terry Kiser,Actor,86,2024-01-03
Bud Selig,Baseball,91,2024-01-03
Joseph P. Kerwin,Physician,93,2024-01-03
Grace Napolitano,Politician,89,2024-01-03
Lynn Carlin,Actor,87,2024-01-03
Richard Zare,Chemist,86,2024-01-03
David Jenkins (figure skater),Skater,89,2024-01-03
"Christopher Tugendhat, Baron Tugendhat",Politician,88,2024-01-03
Tony Hatch,Composer,86,2024-01-03
John W. Dower,Author,87,2024-01-03
Mary Ann Glendon,Diplomat,87,2024-01-03
Ric O'Barry,Activist,86,2024-01-03
Cleve Moler,Mathematician,86,2024-01-03
Ian Underwood,Music,86,2024-01-03
Tom Monaghan,Entrepreneur,88,2024-01-03
Alan Ford (actor),Actor,87,2024-01-03
Peter Bonerz,Film,87,2024-01-03
Joyce Johnson,Novelist,90,2024-01-03
David A. Kolb,Education,86,2024-01-03
Lou Holtz,Football,88,2024-01-03
Carol Morris,Model,89,2024-01-03
Chuck Robb,Politician,86,2024-01-03
James Bolam,Actor,90,2024-01-03
Robin Hartshorne,Mathematician,87,2024-01-03
Lawrence Pressman,Film,86,2024-01-03
Barry Cunliffe,Anthropologist,86,2024-01-03
BarBara Luna,Actor,86,2024-01-03
Joan Tower,Conductor,87,2024-01-03
Nancy Coover Andreasen,Psychiatrist,87,2024-01-03
Jack R. Lousma,Aeronautical,89,2024-01-03
Tommy Tune,Choreographer,86,2024-01-03
Bradford Parkinson,Engineer,90,2024-01-03
Luis Rafael SÃ¡nchez,Novelist,89,2024-01-03
Paul Winter,Composer,86,2024-01-03
James Glimm,Mathematician,91,2024-01-03
Benjamin Zander,Conductor,86,2024-01-03
Tony Harrison,Poet,88,2024-01-03
John M. Deutch,Chemist,87,2024-01-03
William Kotzwinkle,Screenwriter,87,2024-01-03
Nicky Cruz,Evangelist,87,2024-01-03
Ellen Taaffe Zwilich,Composer,86,2024-01-03
Marlo Morgan,Novelist,88,2024-01-03
Leroy Hood,Biologist,87,2024-01-03
Robert Hooks,Actor,88,2024-01-03
Peter Breggin,Psychiatrist,89,2024-01-03
Justin Francis Rigali,Cardinal,90,2024-01-03
Danny Thompson,Bassist,86,2024-01-03
Dennis DeConcini,Politician,88,2024-01-03
Neil Sloane,Mathematician,86,2024-01-03
Joe Pytka,Film,87,2024-01-03
Jerry Colangelo,Basket,86,2024-01-03
Barry De Vorzon,Composer,91,2024-01-03
Simone Forti,Composer,90,2024-01-03
Del Harris,Basket,88,2024-01-03
Ralph Gibson,Photographer,86,2024-01-03
Adam Greenberg (cinematographer),Cinema,86,2024-01-03
Patrick Robinson (author),Writer,86,2024-01-03
Gary Chapman (author),Pastor,87,2024-01-03
Sonny Curtis,Singer,88,2024-01-03
Ricky Tomlinson,Actor,86,2024-01-03
Mike Mainieri,Composer,87,2024-01-03
Frank Converse,Actor,87,2024-01-03
Manuel Blum,Computer Scientist,87,2024-01-03
John C. Wells,Linguist,86,2024-01-03
Billy Boy Arnold,Singer,90,2024-01-03
Tom Flores,Coach,88,2024-01-03
Henry Kamen,Historian,89,2024-01-03
Frank McLintock,Football,86,2024-01-03
Connie Mason,Actor,88,2024-01-03
Dan Burton,Politician,87,2024-01-03
Larry Bryggman,Actor,87,2024-01-03
Dave Obey,Politician,87,2024-01-03
Louis Hayes,Music,88,2024-01-03
David Aaker,Economist,87,2024-01-03
Jon Halliday,Historian,86,2024-01-03
Gordon Milne,Football,88,2024-01-03
Jim Hunt,Politician,88,2024-01-03
Larry Bell (artist),Sculptor,86,2024-01-03
Mike Castle,Politician,86,2024-01-03
Clive Wearing,Conductor,87,2024-01-03
John Berendt,Writer,86,2024-01-03
Tom Meschery,Basket,87,2024-01-03
Robert Swindells,Writer,86,2024-01-03
James E. Gunn (astronomer),Astronomer,87,2024-01-03
Ben Cayetano,Politician,86,2024-01-03
James Fargo,Film,87,2024-01-03
Tony Asher,Songwriter,86,2024-01-03
Terry Paine,Football,86,2024-01-03
Jake Holmes,Singer,86,2024-01-03
Paula Gosling,Novelist,86,2024-01-03
Marco St. John,Actor,86,2024-01-03
Roger Kellaway,Composer,86,2024-01-03
Thomas McGuane,Writer,86,2024-01-03
Stephen H. Burum,Cinema,86,2024-01-03
Michael Wadleigh,Film,86,2024-01-03
Christina Crawford,Actor,86,2024-01-03
Michael Fried,Art Historian,86,2024-01-03
Marian Wright Edelman,Lawyer,86,2024-01-03
Satch Sanders,Basket,87,2024-01-03
Renata Adler,Novelist,87,2024-01-03
Tony Darrow,Actor,87,2024-01-03
Keith Ward,Theologian,87,2024-01-03
John Kingman,Mathematician,86,2024-01-03
Quinlan Terry,Architect,88,2024-01-03
Jimmie Nicol,Music,86,2024-01-03
Solomon H. Snyder,Neuroscientist,87,2024-01-03
Bob Lilly,Football,86,2024-01-03
Tony Ross,Writer,87,2024-01-03
Maury Povich,Presenter,86,2024-01-03
Martin Sherman,Screenwriter,87,2024-01-03
Joe Alves,Film,89,2024-01-03
Tony Anthony (actor),Actor,88,2024-01-03
Janette Scott,Actor,87,2024-01-03
"Caroline Cox, Baroness Cox",Politician,88,2024-01-03
Marty Wilde,Singer,86,2024-01-03
Michael Edwards (literary scholar),Writer,87,2024-01-03
Bill Watts,Wrestler,86,2024-01-03
Henry Jaglom,Actor,87,2024-01-03
Philippe de Montebello,Art Historian,89,2024-01-03
Denis Noble,Biologist,89,2024-01-03
Ted Kaufman,Politician,86,2024-01-03
Lawrence Schiller,Film,89,2024-01-03
Albert Mehrabian,Psychologist,86,2024-01-03
Arthur Jaffe,Mathematician,88,2024-01-03
Kim Weston,Singer,86,2024-01-03
Bailey Howell,Basket,88,2024-01-03
Edwin Frederick O'Brien,Cardinal,87,2024-01-03
Dick Vitale,Basket,86,2024-01-03
Leon O. Chua,Academic,89,2024-01-03
GÃ¡bor A. Somorjai,Chemist,90,2024-01-03
"Robert Skidelsky, Baron Skidelsky",Historian,86,2024-01-03
Buck Taylor,Actor,87,2024-01-03
Bill Anderson (singer),Singer,88,2024-01-03
Gary Raymond,Actor,90,2024-01-03
Jeff Barry,Singer,87,2024-01-03
Arthur Butz,Professor,92,2024-01-03
Phillip Griffiths,Mathematician,87,2024-01-03
Michael Schultz,Film,87,2024-01-03
Dick Clement,Film,88,2024-01-03
Claudette Colvin,Civil Rights,86,2024-01-03
Bob Schieffer,Television,88,2024-01-03
John H. Sununu,Politician,86,2024-01-03
Houston Person,Music,91,2024-01-03
Efraim Halevy,Diplomat,91,2024-01-03
Iris Johansen,Novelist,87,2024-01-03
Rod Paige,Politician,92,2024-01-03
Anjanette Comer,Actor,86,2024-01-03
Neil Abercrombie,Politician,87,2024-01-03
Ann Jones (tennis),Player,87,2024-01-03
Mary Jo Catlett,Actor,87,2024-01-03
Zohra Lampert,Actor,88,2024-01-03
Robert Eisenman,Anthropologist,88,2024-01-03
Joanne Greenberg,Novelist,93,2024-01-03
Joan Bennett Kennedy,Pianist,89,2024-01-03
Wavy Gravy,Comedian,89,2024-01-03
Hal Rogers,Politician,88,2024-01-03
Angela Mortimer,Player,93,2024-01-03
David Steel,Politician,87,2024-01-03
Gordon S. Wood,Historian,92,2024-01-03
Gene Kranz,Engineer,92,2024-01-03
William Bell (singer),Singer,86,2024-01-03
Jack Daniels (coach),Athlete,92,2024-01-03
Max Baer Jr.,Actor,88,2024-01-03
Jac Holzman,Entrepreneur,94,2024-01-03
Theodore Zeldin,Historian,92,2024-01-03
Kenneth J. Gergen,Psychologist,90,2024-01-03
Richard Rhodes,Historian,88,2024-01-03
Oliver Ford Davies,Actor,86,2024-01-03
Stanley Norman Cohen,Geneticist,90,2024-01-03
Joseph P. Allen,Astronaut,88,2024-01-03
Joan Blackman,Actor,87,2024-01-03
Dee Palmer,Music,88,2024-01-03
Madeleine Kunin,Politician,92,2024-01-03
Rosey Grier,Actor,93,2024-01-03
Douglas McIlroy,Engineer,93,2024-01-03
Jon Cypher,Actor,93,2024-01-03
Ron Atkinson,Football,86,2024-01-03
Bradley Efron,Bioinformatician,87,2024-01-03
William G. Dever,Anthropologist,92,2024-01-03
Stuart Kauffman,Biologist,86,2024-01-03
Raymond Berry,Football,92,2024-01-03
Anthony Lake,Political Scientist,86,2024-01-03
Laurence Luckinbill,Film,91,2024-01-03
Lucy R. Lippard,Writer,88,2024-01-03
G. E. R. Lloyd,Historian,92,2024-01-03
Richard Harrison (actor),Actor,89,2024-01-03
Peter Max,Artist,88,2024-01-03
Michael Deeley,Film,93,2024-01-03
Joel Fabiani,Actor,89,2024-01-03
Geoffrey Horne,Actor,92,2024-01-03
Martha Layne Collins,Politician,89,2024-01-03
Wayne Embry,Basket,88,2024-01-03
Eva Rubinstein,Photographer,92,2024-01-03
John Harbison,Composer,87,2024-01-03
Dick Richards,Film,89,2024-01-03
Ken Blanchard,Author,86,2024-01-03
Howard Blake,Composer,87,2024-01-03
Candace Hilligoss,Actor,90,2024-01-03
Lewis Teague,Film,87,2024-01-03
Waris Hussein,Film,87,2024-01-03
Ed Sanders,Music,86,2024-01-03
Gene Chandler,Songwriter,88,2024-01-03
John W. Snow,Politician,86,2024-01-03
Robin Knox-Johnston,Explorer,86,2024-01-03
Vija Celmins,Painter,87,2024-01-03
Doug Kershaw,Music,89,2024-01-03
Karl E. Weick,Psychologist,89,2024-01-03
Julian Barbour,Physicist,88,2024-01-03
Jack Taylor (actor),Actor,89,2024-01-03
Josh McDowell,Christian Apologist,86,2024-01-03
Louis Wade Sullivan,Politician,92,2024-01-03
Sal Buscema,Artist,89,2024-01-03
Henry Waxman,Politician,86,2024-01-03
John A. Russo,Screenwriter,86,2024-01-03
Shani Wallis,Singer,92,2024-01-03
John Poindexter,Officer,89,2024-01-03
Colin Thubron,Writer,86,2024-01-03
Alfred Uhry,Librettist,89,2024-01-03
Steven Rose,Biologist,87,2024-01-03
Michael Posner (psychologist),Psychologist,89,2024-01-03
Teresa Heinz,Philanthropist,87,2024-01-03
Reggie Workman,Music,88,2024-01-03
Carroll Ballard,Film,88,2024-01-03
Tak Fujimoto,Cinema,86,2024-01-03
"Norman Fowler, Baron Fowler",Politician,87,2024-01-03
Lois Capps,Politician,87,2024-01-03
Gary Conway,Actor,89,2024-01-03
Jonathan Tunick,Composer,87,2024-01-03
Richard E. Stearns,Computer Scientist,89,2024-01-03
Paul Stookey,Music,88,2024-01-03
Satsvarupa dasa Goswami,Poet,86,2024-01-03
Barry Primus,Screenwriter,87,2024-01-03
Svetlana Alpers,Art Historian,89,2024-01-03
"Kenneth Baker, Baron Baker of Dorking",Politician,91,2024-01-03
Robert Alter,Scholar,90,2024-01-03
James Petras,Sociologist,88,2024-01-03
Steve Kuhn,Pianist,87,2024-01-03
Cecil McBee,Music,90,2024-01-03
Kevin Connor (director),Film,88,2024-01-03
Tom Osborne,Football,88,2024-01-03
Mary Peters (athlete),Athletic,86,2024-01-03
Philip Anschutz,Business,86,2024-01-03
John Harvey (author),Writer,87,2024-01-03
Robert Mangold,Painter,88,2024-01-03
Richard Schechner,Theatre,91,2024-01-03
Charles Wright (poet),Writer,90,2024-01-03
Freddy Cannon,Singer,86,2024-01-03
Ketty Lester,Actor,91,2024-01-03
Gary U.S. Bonds,Singer,86,2024-01-03
Martina Arroyo,Singer,89,2024-01-03
Peter S. Beagle,Writer,86,2024-01-03
Eva Marie Saint,Actor,101,2024-01-03
Nicholas Wolterstorff,Philosopher,93,2024-01-03
Dolores Huerta,Trade Union,95,2024-01-03
Bruce Dern,Actor,89,2024-01-03
Steve Reich,Composer,89,2024-01-03
Julian Glover,Actor,90,2024-01-03
Janet Baker,Singer,92,2024-01-03
Annie Proulx,Writer,90,2024-01-03
Barbara Feldon,Actress,92,2024-01-03
Jane Morgan,Actor,101,2024-01-03
Robert Silverberg,Screenwriter,90,2024-01-03
Douglas Wilder,Politician,94,2024-01-03
Don DeLillo,Writer,89,2024-01-03
Anthony Kenny,Philosopher,94,2024-01-03
Dana Scott,Mathematician,93,2024-01-03
Leonard Kleinrock,Mathematician,91,2024-01-03
Marilyn Horne,Singer,91,2024-01-03
Michael Forest,Actor,96,2024-01-03
Sheila Hancock,Actor,92,2024-01-03
Terry Riley,Composer,90,2024-01-03
William F. Sharpe,Economist,91,2024-01-03
Bill Wyman,Music,89,2024-01-03
Nicholas Pileggi,Writer,92,2024-01-03
Buddy Guy,Guitar,89,2024-01-03
Engelbert Humperdinck (singer),Singer,89,2024-01-03
Helen Merrill,Singer,95,2024-01-03
Charles Koch,Business,90,2024-01-03
David Lee (physicist),Physicist,94,2024-01-03
Richard Estes,Painter,93,2024-01-03
Penelope Lively,Writer,92,2024-01-03
La Monte Young,Composer,90,2024-01-03
James B. Harris,Film,97,2024-01-03
Caroline Graham,Screenwriter,94,2024-01-03
Piers Anthony,Novelist,91,2024-01-03
Laurence Rosenthal,Composer,99,2024-01-03
Lee Meriwether,Actor,90,2024-01-03
Paul Ekman,Psychologist,91,2024-01-03
George Chakiris,Actor,91,2024-01-03
Ron Paul,Politician,90,2024-01-03
Russ Tamblyn,Actor,91,2024-01-03
Edmund Phelps,Economist,92,2024-01-03
"Norman Foster, Baron Foster of Thames Bank",Architect,90,2024-01-03
Tony Hoare,Computer Scientist,91,2024-01-03
Clive Davis,Producer,93,2024-01-03
John Glen (director),Film,93,2024-01-03
Mary Costa,Actor,95,2024-01-03
Norman Podhoretz,Conservative,95,2024-01-03
RenÃ©e Taylor,Playwright,92,2024-01-03
Walter Gilbert,Physicist,93,2024-01-03
Carmen Dell'Orefice,Actor,94,2024-01-03
Michael Frayn,Playwright,92,2024-01-03
Phyllida Law,Actor,93,2024-01-03
Ken Loach,Film,89,2024-01-03
Herb Alpert,Actor,90,2024-01-03
Kenneth Frampton,Historian,95,2024-01-03
Tina Louise,Singer,91,2024-01-03
Norman Tebbit,Politician,94,2024-01-03
Dave Grusin,Composer,91,2024-01-03
Richard Shelby,Politician,91,2024-01-03
Samuel Adler (composer),Conductor,97,2024-01-03
C. N. R. Rao,Chemist,91,2024-01-03
David Harvey,Anthropologist,90,2024-01-03
Dudley R. Herschbach,Chemist,93,2024-01-03
Judd Hirsch,Actor,90,2024-01-03
Sandy Koufax,Baseball,90,2024-01-03
Alan Alda,Actor,89,2024-01-03
Johnny Mathis,Music,90,2024-01-03
HÃ©ctor Elizondo,Actor,89,2024-01-03
Constance Towers,Singer,92,2024-01-03
Russell M. Nelson,Physician,101,2024-01-03
Billy Dee Williams,Actor,88,2024-01-03
Bob Pettit,Basket,93,2024-01-03
Shirley Bassey,Singer,88,2024-01-03
Mark Rydell,Actor,91,2024-01-03
Walter Koenig,Actor,89,2024-01-03
Barbara Mikulski,Politician,89,2024-01-03
Michael H. Hart,Physicist,93,2024-01-03
Keir Dullea,Actor,89,2024-01-03
Sylvia Earle,Biologist,90,2024-01-03
Sander Levin,Politician,94,2024-01-03
Abbe Lane,Actor,93,2024-01-03
Joyce Van Patten,Actor,91,2024-01-03
Edward Fox (actor),Actor,88,2024-01-03
Tom Courtenay,Actor,88,2024-01-03
Gary Hart,Politician,89,2024-01-03
Edward O. Thorp,Mathematician,93,2024-01-03
Vladimir Posner,Journalist,91,2024-01-03
Anthony Kennedy,Lawyer,89,2024-01-03
Don Preston,Music,93,2024-01-03
Jean M. Auel,Writer,89,2024-01-03
Richard Wilson (Scottish actor),Theatre,89,2024-01-03
Fred Haise,Astronaut,92,2024-01-03
Dyan Cannon,Film,88,2024-01-03
Jon Voight,Actor,87,2024-01-03
John L. Hall,Physicist,91,2024-01-03
Don Bluth,Film,88,2024-01-03
Leonard Peikoff,Philosopher,92,2024-01-03
Philip Kaufman,Actor,89,2024-01-03
Bernie Kopell,Screenwriter,92,2024-01-03
Jim Dine,Painter,90,2024-01-03
Caldwell Esselstyn,Rower,92,2024-01-03
Robert Paxton,Historian,93,2024-01-03
Jared Diamond,Biologist,88,2024-01-03
Warren Beatty,Actor,88,2024-01-03
Thomas Pynchon,Writer,88,2024-01-03
John G. Thompson,Mathematician,93,2024-01-03
Harrison Schmitt,Geologist,90,2024-01-03
Matthew Meselson,Biologist,95,2024-01-03
Donald P. Bellisario,Screenwriter,90,2024-01-03
Richard Bach,Writer,89,2024-01-03
Lou Adler,Producer,92,2024-01-03
George Ariyoshi,Politician,99,2024-01-03
Brian Blessed,Actor,89,2024-01-03
Philip Glass,Composer,88,2024-01-03
Ann Robinson,Actor,96,2024-01-03
Duane Michals,Photographer,93,2024-01-03
Katherine Jackson,Biographer,95,2024-01-03
Felicia Farr,Actor,93,2024-01-03
George Takei,Comedian,88,2024-01-03
Richard A. Falk,Professor,95,2024-01-03
Edwin Meese,Lawyer,94,2024-01-03
Harvey Cox,Theologian,96,2024-01-03
Jagdish Bhagwati,Economist,91,2024-01-03
Michael Walzer,Philosopher,90,2024-01-03
Joe Arpaio,Sheriff,93,2024-01-03
Bobby Vinton,Singer,90,2024-01-03
David Hockney,Painter,88,2024-01-03
Ervin LÃ¡szlÃ³,Philosopher,93,2024-01-03
James Meredith,Civil Rights,92,2024-01-03
Wendell Berry,Poet,91,2024-01-03
Nicholas F. Brady,Politician,95,2024-01-03
"Prince Edward, Duke of Kent",Royal Family,90,2024-01-03
Pratibha Patil,Politician,91,2024-01-03
Tom Stoppard,Playwright,88,2024-01-03
Herman Chernoff,Mathematician,102,2024-01-03
Richard Meier,Architect,91,2024-01-03
Ramblin' Jack Elliott,Singer,94,2024-01-03
Elizabeth Dole,Politician,89,2024-01-03
Otto F. Kernberg,Psychiatrist,97,2024-01-03
Vera Miles,Actor,95,2024-01-03
Alex Katz,Painter,98,2024-01-03
Lisa Lu,Music,98,2024-01-03
Thomas Sowell,Economist,95,2024-01-03
Marion Ross,Actor,97,2024-01-03
Roger Penrose,Mathematician,94,2024-01-03
Rita Moreno,Singer,94,2024-01-03
Gary Snyder,Poet,95,2024-01-03
John Astin,Actor,95,2024-01-03
Angie Dickinson,Actor,94,2024-01-03
Carroll Baker,Actor,94,2024-01-03
Nancy Olson,Actor,97,2024-01-03
Claire Bloom,Actor,94,2024-01-03
Terry Moore (actress),Actor,96,2024-01-03
James Baker,Political,95,2024-01-03
Gerald Holton,Physicist,103,2024-01-03
Barbara Eden,Actor,94,2024-01-03
Stephen Smale,Mathematician,95,2024-01-03
Ellen Burstyn,Actor,93,2024-01-03
Frederick Wiseman,Film,95,2024-01-03
Bernie Ecclestone,Business,95,2024-01-03
Lois Smith,Actor,95,2024-01-03
June Squibb,Actor,96,2024-01-03
Robert Jay Lifton,Psychiatrist,99,2024-01-03
Jerry Schatzberg,Screenwriter,98,2024-01-03
Petula Clark,Actor,93,2024-01-03
Philip Kotler,Economist,94,2024-01-03
John Searle,Philosopher,93,2024-01-03
Irvin D. Yalom,Psychiatrist,94,2024-01-03
Joel Grey,Singer,93,2024-01-03
Len Deighton,Writer,96,2024-01-03
Patricia Routledge,Actor,96,2024-01-03
Mamie Van Doren,Actor,94,2024-01-03
Desmond Morris,Zoologist,97,2024-01-03
Alan Greenspan,Economist,99,2024-01-03
Ray Anthony,Actor,103,2024-01-03
June Lockhart,Actor,100,2024-01-03
Lee Grant,Film,98,2024-01-03
Rudolph A. Marcus,Chemist,102,2024-01-03
James Watson,Biologist,97,2024-01-03
Leontyne Price,Singer,98,2024-01-03
Rosemary Harris,Actor,98,2024-01-03
Estelle Parsons,Singer,98,2024-01-03
Jim Lovell,Officer,97,2024-01-03
William Daniels,Actor,98,2024-01-03
Bob Cousy,Basket,97,2024-01-03
Vernon L. Smith,Economist,98,2024-01-03
James Ivory,Film,97,2024-01-03
Tom Lehrer,Singer,97,2024-01-03
Jasper Johns,Painter,95,2024-01-03
Elias James Corey,Chemist,97,2024-01-03
Ann Blyth,Actor,97,2024-01-03
Eric Kandel,Neurologist,96,2024-01-03
Buzz Aldrin,Astronaut,95,2024-01-03
James Hong,Actor,96,2024-01-03
Cleo Laine,Actor,98,2024-01-03
William Perry,Politician,98,2024-01-03
Joanne Woodward,Actor,95,2024-01-03
Tippi Hedren,Actor,95,2024-01-03
Berry Gordy,Producer,96,2024-01-03
Robert Wagner,Actor,95,2024-01-03
Sonny Rollins,Composer,95,2024-01-03
John Kander,Composer,98,2024-01-03
Paul Dooley,Actor,97,2024-01-03
Dan Rather,News Presenter,94,2024-01-03
William Kennedy (author),Writer,97,2024-01-03
Prunella Scales,Actor,93,2024-01-03
Michael Heseltine,Conservative,92,2024-01-03
Gloria Steinem,Journalist,91,2024-01-03
Israel Kirzner,Economist,95,2024-01-03
Louis Farrakhan,Religious,92,2024-01-03
Chuck Grassley,Politician,92,2024-01-03
Shirley Jones,Actor,91,2024-01-03
Dick Hyman,Composer,98,2024-01-03
Toshiko Akiyoshi,Bandleader,96,2024-01-03
Antonia Fraser,Author,93,2024-01-03
Pat Boone,Singer,91,2024-01-03
George J. Mitchell,Politician,92,2024-01-03
Ralph Nader,Political,91,2024-01-03
Kenny Burrell,Guitar,94,2024-01-03
Debra Paget,Actor,92,2024-01-03
George E. Smith,Physicist,95,2024-01-03
Tom Baker,Actor,91,2024-01-03
Andrew Young,Politician,93,2024-01-03
Alan Oppenheimer,Actor,95,2024-01-03
SiÃ¢n Phillips,Actor,92,2024-01-03
Harold Becker,Film,97,2024-01-03
Katherine Paterson,Writer,93,2024-01-03
Gay Talese,Writer,93,2024-01-03
Bonnie Bartlett,Actor,96,2024-01-03
John Norman,Writer,94,2024-01-03
Denise Scott Brown,Architect,94,2024-01-03
John Gurdon,Biologist,92,2024-01-03
Jerome Isaac Friedman,Physicist,95,2024-01-03
Eileen Atkins,Actor,91,2024-01-03
Frankie Valli,Singer,91,2024-01-03
Alan Bennett,Actor,91,2024-01-03
Hal Linden,Music,94,2024-01-03
John Cullum,Screenwriter,95,2024-01-03
Jerry Hardin,Actor,96,2024-01-03
Dominic Chianese,Singer,94,2024-01-03
Peter Eisenman,Architect,93,2024-01-03
Bridget Riley,Painter,94,2024-01-03
Diane Ladd,Actor,93,2024-01-03
W. Michael Blumenthal,Political,99,2024-01-03
Cynthia Ozick,Novelist,97,2024-01-03
John Milnor,Mathematician,94,2024-01-03
Kim Novak,Actor,92,2024-01-03
Joan Collins,Actor,92,2024-01-03
Carol Burnett,Singer,92,2024-01-03
Don King (boxing promoter),Manslaughter,94,2024-01-03
Barbara Barrie,Actor,94,2024-01-03
Douglas Hurd,Conservative,95,2024-01-03
Virginia McKenna,Actor,94,2024-01-03
David Scott,Astronaut,93,2024-01-03
Sheldon Lee Glashow,Physicist,93,2024-01-03
Elaine May,Actor,93,2024-01-03
Peter Blake (artist),Painter,93,2024-01-03
Doc Severinsen,Bandleader,98,2024-01-03
Michael Dukakis,Politician,92,2024-01-03
Tom Skerritt,Actor,92,2024-01-03
Quentin Blake,Writer,93,2024-01-03
John Boorman,Screenwriter,92,2024-01-03
Paul R. Ehrlich,Lepidopterist,93,2024-01-03
Richard Lester,Film,93,2024-01-03
Alvin Plantinga,Theologian,93,2024-01-03
Irwin Winkler,Film,94,2024-01-03
Marla Gibbs,Singer,94,2024-01-03
James Tolkan,Actor,94,2024-01-03
Barbara Bain,Actor,94,2024-01-03
Jane Goodall,Zoologist,91,2024-01-03
Julie Newmar,Singer,92,2024-01-03
Yuan T. Lee,Chemist,89,2024-01-03
Richard Swinburne,Philosopher,91,2024-01-03
Willie Brown (politician),Politician,91,2024-01-03
James Galway,Music,86,2024-01-03
Michael Artin,Mathematician,91,2024-01-03
Jimmy Swaggart,Singer,90,2024-01-03
Polly Holliday,Actor,88,2024-01-03
Kenneth H. Cooper,Doctor,94,2024-01-03
Millie Perkins,Actor,87,2024-01-03
Judy Blume,Writer,87,2024-01-03
John Sculley,Business,86,2024-01-03
George Hearn,Actor,91,2024-01-03
Roy Hattersley,Author,93,2024-01-03
Ron Rifkin,Film,86,2024-01-03
Paula Prentiss,Actor,87,2024-01-03
Irwin M. Jacobs,Academic,92,2024-01-03
David Owen,Politician,87,2024-01-03
Guido Calabresi,Scholar,93,2024-01-03
Yvonne Rainer,Film,91,2024-01-03
Brett Halsey,Actor,92,2024-01-03
Robert Littell (author),Novelist,90,2024-01-03
Anne Osborn Krueger,Economist,91,2024-01-03
Rusty Schweickart,Aeronautical,90,2024-01-03
Sherrill Milnes,Singer,90,2024-01-03
Don Bachardy,Painter,91,2024-01-03
Marge Piercy,Writer,89,2024-01-03
Elizabeth Ashley,Biographer,86,2024-01-03
Norman Davies,Historian,86,2024-01-03
John Rechy,Writer,94,2024-01-03
Monte Markham,Actor,90,2024-01-03
Jeremy Bernstein,Physicist,96,2024-01-03
David Shire,Composer,88,2024-01-03
Thomas Kean,Politician,90,2024-01-03
Mike Farrell,Actor,86,2024-01-03
Peter Burke (historian),Academic,88,2024-01-03
Anthony James Leggett,Physicist,87,2024-01-03
Ian Hunter (singer),Singer,86,2024-01-03
Samantha Eggar,Actor,86,2024-01-03
Fred Williamson,Actor,87,2024-01-03
Jack Betts,Actor,96,2024-01-03
Jim Dale,Actor,90,2024-01-03
Wendy Carlos,Composer,86,2024-01-03
Ralph Lauren,Designer,86,2024-01-03
Mary Berry,Biographer,90,2024-01-03
Susan Hampshire,Actor,88,2024-01-03
Lenny Wilkens,Basket,88,2024-01-03
Jane Alexander,Actor,86,2024-01-03
Lee Majors,Actor,86,2024-01-03
Barbara Steele,Actor,88,2024-01-03
Judy Collins,Singer,86,2024-01-03
Alan J. Heeger,Physicist,89,2024-01-03
Eugene Fama,Economist,86,2024-01-03
Gary Lockwood,Actor,88,2024-01-03
Phil Knight,Business,87,2024-01-03
Barbara Babcock,Actor,88,2024-01-03
Sonia Sanchez,Playwright,91,2024-01-03
Perry Anderson,Historian,87,2024-01-03
Brenda Vaccaro,Actor,86,2024-01-03
Dolores Hart,Actor,87,2024-01-03
Bob Kahn,Engineer,87,2024-01-03
Alan Baddeley,Psychologist,91,2024-01-03
Daniel McFadden,Economist,88,2024-01-03
Lorraine Gary,Actor,88,2024-01-03
Waheeda Rehman,Actor,87,2024-01-03
Ivan Sutherland,Inventor,87,2024-01-03
Gwyneth Jones (soprano),Singer,89,2024-01-03
Ann Bannon,Author,93,2024-01-03
Judy Chicago,Painter,86,2024-01-03
Nancy Kovack,Actor,90,2024-01-03
Steny Hoyer,Politician,86,2024-01-03
David Bailey,Photographer,87,2024-01-03
Audrey Dalton,Actor,91,2024-01-03
Maxine Waters,Politician,87,2024-01-03
Charles Lloyd (jazz musician),Composer,87,2024-01-03
Dean Tavoularis,Scenographer,93,2024-01-03
Burton Malkiel,Economist,93,2024-01-03
Gary Graffman,Pianist,97,2024-01-03
Stanley Fish,Philosopher,87,2024-01-03
A. J. Foyt,Driver,90,2024-01-03
Carver Mead,Computer Scientist,91,2024-01-03
Peter Cook (architect),Lecturer,89,2024-01-03
Morton Subotnick,Composer,92,2024-01-03
Sam Nunn,Politician,87,2024-01-03
Edward Feigenbaum,Computer Scientist,89,2024-01-03
John Scott (composer),Bandleader,95,2024-01-03
Annette Crosbie,Actor,91,2024-01-03
Eddie Palmieri,Bandleader,89,2024-01-03
Ray Hyman,Psychologist,97,2024-01-03
Dick Van Dyke,Singer,100,2024-01-03
Adam Maida,Cardinal,95,2024-01-03
Caryl Churchill,Screenwriter,87,2024-01-03
Jacques VallÃ©e,Astronomer,86,2024-01-03
James Stafford,Priest,93,2024-01-03
Elliott H. Lieb,Mathematician,93,2024-01-03
Monty Roberts,Horse Trainer,90,2024-01-03
John O'Keefe (neuroscientist),Neurologist,86,2024-01-03
Eleanor Holmes Norton,Politician,88,2024-01-03
Albert Hall (actor),Actor,88,2024-01-03
Billy Mills,Track And Field,87,2024-01-03
Tom Harkin,Politician,86,2024-01-03
Elinor Donahue,Actor,88,2024-01-03
Barry Mann,Singer,86,2024-01-03
Irma P. Hall,Actor,90,2024-01-03
Barbara Liskov,Computer Scientist,86,2024-01-03
Nancy Kwan,Actor,86,2024-01-03
Louis Begley,Novelist,92,2024-01-03
William Eggleston,Photographer,86,2024-01-03
Roland Huntford,Author,98,2024-01-03
Mark di Suvero,Sculptor,92,2024-01-03
Lee H. Hamilton,Politician,94,2024-01-03
John Corigliano,Composer,87,2024-01-03
John Badham,Film,86,2024-01-03
Ralph Steadman,Caricaturist,89,2024-01-03
Robert Rubin,Politician,87,2024-01-03
Richard Posner,Judge,86,2024-01-03
Michael Murphy (actor),Actor,87,2024-01-03
Alan Ayckbourn,Playwright,86,2024-01-03
Tenley Albright,Skater,90,2024-01-03
Georgina Spelvin,Actor,89,2024-01-03
Roald Sagdeev,Physicist,93,2024-01-03
Mario Capecchi,Biologist,88,2024-01-03
Barry Mazur,Mathematician,88,2024-01-03
Eleanor Bron,Actor,87,2024-01-03
Bruce Davidson (photographer),Published,92,2024-01-03
Dion DiMucci,Music,86,2024-01-03
Lee Trevino,Golf,86,2024-01-03
Raj Reddy,Computer Scientist,88,2024-01-03
Michael Learned,Actor,86,2024-01-03
Pete Wilson,Politician,92,2024-01-03
Jerry Adler,Actor,96,2024-01-03
Carol Kaye,Guitar,90,2024-01-03
Roy Romer,Politician,97,2024-01-03
Thomas R. Pickering,Diplomat,94,2024-01-03
Margaret Drabble,Novelist,86,2024-01-03
Harold E. Varmus,Virologist,86,2024-01-03
James Burton,Guitar,86,2024-01-03
George Carey,Bishop,90,2024-01-03
Diane Baker,Actor,87,2024-01-03
Don Norman,Computer Scientist,90,2024-01-03
Robert Gallo,Virologist,88,2024-01-03
John Standing,Actor,91,2024-01-03
Ralph Bakshi,Film,87,2024-01-03
Anthony Zerbe,Actor,89,2024-01-03
Chris Bonington,Mountaineer,91,2024-01-03
Story Musgrave,Astronaut,90,2024-01-03
Lois Lowry,Writer,88,2024-01-03
Seymour Hersh,Journalist,88,2024-01-03
Marlo Thomas,Producer,88,2024-01-03
Robert Woodrow Wilson,Astronomer,89,2024-01-03
Anne Reid,Actor,90,2024-01-03
Margaret O'Brien,Actor,88,2024-01-03
Lester R. Brown,Agronomist,91,2024-01-03
Pat Buchanan,Conservative,87,2024-01-03
Oscar Robertson,Basket,87,2024-01-03
Ron Carter,Cellist,88,2024-01-03
Sheila Jordan,Music,97,2024-01-03
Milan PaniÄ,Business,96,2024-01-03
Bobby Bare,Singer,90,2024-01-03
William Devane,Actor,88,2024-01-03
Wanda Jackson,Singer,88,2024-01-03
Stephen Breyer,Lawyer,87,2024-01-03
James Lee Burke,Writer,89,2024-01-03
Alan Garner,Writer,91,2024-01-03
Robert Fuller (actor),Actor,92,2024-01-03
Dick Cavett,Actor,89,2024-01-03
Alan Dershowitz,Lawyer,87,2024-01-03
Riane Eisler,Anthropologist,94,2024-01-03
Susan Kohner,Actor,89,2024-01-03
Harvey Keitel,Actor,86,2024-01-03
Pat Roberts,Politician,89,2024-01-03
Anita Desai,Writer,88,2024-01-03
Terry Gibbs,Bandleader,101,2024-01-03
Gerhard Weinberg,Historian,97,2024-01-03
Jerry Brown,Politician,87,2024-01-03
Christopher Lloyd,Actor,87,2024-01-03
Bat Ye'or,Essayist,92,2024-01-03
David Amram,Singer,95,2024-01-03
David Irving,Essayist,87,2024-01-03
Donald Knuth,Mathematician,87,2024-01-03
Lee Friedlander,Photographer,91,2024-01-03
Ray Cooney,Playwright,93,2024-01-03
Thomas Nagel,Philosopher,88,2024-01-03
Charles Duke,Astronaut,90,2024-01-03
Samuel C. C. Ting,Physicist,89,2024-01-03
Joyce Carol Oates,Playwright,87,2024-01-03
Derek Jacobi,Actor,87,2024-01-03
Michael Craig (actor),Actor,97,2024-01-03
Susan Cooper,Writer,90,2024-01-03
Tom Atkins (actor),Actor,90,2024-01-03
Peter Brown (historian),Historian,90,2024-01-03
Terence Stamp,Actor,87,2024-01-03
Christina Pickles,Actor,90,2024-01-03
Frank Langella,Actor,87,2024-01-03
Steven Berkoff,Actor,88,2024-01-03
Ben Nighthorse Campbell,Politician,92,2024-01-03
Jamie Farr,Comedian,91,2024-01-03
Connie Francis,Singer,87,2024-01-03
Anthony Giddens,Sociologist,87,2024-01-03
Roald Hoffmann,Chemist,88,2024-01-03
E. D. Hirsch,Literary,97,2024-01-03
Elliott Gould,Actor,87,2024-01-03
Frederick Forsyth,Writer,87,2024-01-03
Ted Turner,Entrepreneur,87,2024-01-03
H. D. Deve Gowda,Politician,92,2024-01-03
Michael Kahn (film editor),Film,90,2024-01-03
Don McCullin,Biographer,90,2024-01-03
Dan Inosanto,Martial Art,89,2024-01-03
Grace Slick,Singer,86,2024-01-03
J. Michael Bishop,Biologist,89,2024-01-03
Peter Hirsch,Physicist,100,2024-01-03
Scott Glenn,Actor,86,2024-01-03
Judy Parfitt,Actor,90,2024-01-03
Martha Grimes,Writer,94,2024-01-03
Carol Lawrence,Actor,93,2024-01-03
Ronny Cox,Actor,87,2024-01-03
Jack McDevitt,Writer,90,2024-01-03
Tom Paxton,Singer,88,2024-01-03
Ali MacGraw,Actor,86,2024-01-03
Neil Sedaka,Singer,86,2024-01-03
Jake Garn,Politician,93,2024-01-03
Rainer Weiss,Physicist,93,2024-01-03
Lawrence Block,Writer,87,2024-01-03
Diana Muldaur,Actor,87,2024-01-03
Peter Watkins,Film,90,2024-01-03
Tommy Steele,Singer,89,2024-01-03
Bill Moyers,Journalist,91,2024-01-03
Ted Nelson,Philosopher,88,2024-01-03
Roger Norrington,Conductor,91,2024-01-03
Shirley Eaton,Actor,88,2024-01-03
Frederic Raphael,Actor,94,2024-01-03
Thea Musgrave,Composer,97,2024-01-03
Andrew Davies (writer),Screenwriter,89,2024-01-03
Frank Murkowski,Politician,92,2024-01-03
Dennis Skinner,Politician,93,2024-01-03
Barry McGuire,Singer,90,2024-01-03
David Mumford,Mathematician,88,2024-01-03
James Fox,Actor,86,2024-01-03
Carl Icahn,Stockbroker,89,2024-01-03
James Dobson,Psychologist,89,2024-01-03
Richard Benjamin,Film,87,2024-01-03
David Burke (British actor),Actor,91,2024-01-03
Edward Ruscha,Painter,88,2024-01-03
Peter Arnett,Journalist,91,2024-01-03
F. Murray Abraham,Actor,86,2024-01-03
Gerald Scarfe,Caricaturist,89,2024-01-03
Leon Panetta,Politician,87,2024-01-03
Richard M. Karp,Mathematician,90,2024-01-03
Lily Tomlin,Actor,86,2024-01-03
"Katharine, Duchess of Kent",Royal Family,92,2024-01-03
Larry Lieber,Artist,94,2024-01-03
Archie Shepp,Composer,88,2024-01-03
Gilbert Strang,Mathematician,91,2024-01-03
Hamilton O. Smith,Biologist,94,2024-01-03
Eugene Braunwald,Cardiologist,96,2024-01-03
Connie Stevens,Film,87,2024-01-03
"Princess Alexandra, The Honourable Lady Ogilvy",Queen,89,2024-01-03
Carol Gilligan,Psychologist,89,2024-01-03
Richard Beymer,Actor,87,2024-01-03
Derek Bok,Education,95,2024-01-03
Larry Niven,Writer,87,2024-01-03
Jackie Stewart,Racing,86,2024-01-03
Stanley G. Payne,Historian,91,2024-01-03
Michael Parenti,Political Scientist,92,2024-01-03
Garrett Morris,Actor,88,2024-01-03
David Baltimore,Virologist,87,2024-01-03
Harris Yulin,Actor,88,2024-01-03
Judea Pearl,Computer Scientist,89,2024-01-03
Nick Clooney,Journalist,91,2024-01-03
Bobby Seale,Activist,89,2024-01-03
Michael Moorcock,Novelist,86,2024-01-03
George Hamilton (actor),Film,86,2024-01-03
Jay Rockefeller,Politician,88,2024-01-03
Bob Packwood,Politician,93,2024-01-03
