Priority Rank,Name,Profession,Approximate Age,Date Added to Alivewatch
1,Eva Marie Saint,Actor,101,2024-01-03
2,Dick Van Dyke,Singer,100,2024-01-03
3,Alan Greenspan,Economist,99,2024-01-03
4,Ray Anthony,Actor,103,2024-01-03
5,June Lockhart,Actor,100,2024-01-03
6,Lee Grant,Film,98,2024-01-03
7,Rudolph A. Marcus,Chemist,102,2024-01-03
8,James Watson,Biologist,97,2024-01-03
9,Leontyne Price,Singer,98,2024-01-03
10,Rosemary Harris,Actor,98,2024-01-03
11,Estelle Parsons,Singer,98,2024-01-03
12,Jim Lovell,Officer,97,2024-01-03
13,William Daniels,Actor,98,2024-01-03
14,Priscilla Pointer,Actor,101,2024-01-03
15,Bob Cousy,Basket,97,2024-01-03
16,Vernon L. Smith,Economist,98,2024-01-03
17,James Ivory,Film,97,2024-01-03
18,Desmond Morris,Zoologist,97,2024-01-03
19,Tom Lehrer,Singer,97,2024-01-03
20,Elias James Corey,Chemist,97,2024-01-03
21,Ann Blyth,Actor,97,2024-01-03
22,Eric Kandel,Neurologist,96,2024-01-03
23,Buzz Aldrin,Astronaut,95,2024-01-03
24,Alasdair MacIntyre,Philosopher,96,2024-01-03
25,James Hong,Actor,96,2024-01-03
26,Cleo Laine,Actor,98,2024-01-03
27,William Perry,Politician,98,2024-01-03
28,Joanne Woodward,Actor,95,2024-01-03
29,Tippi Hedren,Actor,95,2024-01-03
30,Berry Gordy,Producer,96,2024-01-03
31,Robert Wagner,Actor,95,2024-01-03
32,Sonny Rollins,Composer,95,2024-01-03
33,John Kander,Composer,98,2024-01-03
34,Paul Dooley,Actor,97,2024-01-03
35,Jasper Johns,Painter,95,2024-01-03
36,Patricia Routledge,Actor,96,2024-01-03
37,Gerald Holton,Physicist,103,2024-01-03
38,Len Deighton,Writer,96,2024-01-03
39,Vera Miles,Actor,95,2024-01-03
40,Alex Katz,Painter,98,2024-01-03
41,Lisa Lu,Music,98,2024-01-03
42,Thomas Sowell,Economist,95,2024-01-03
43,Marion Ross,Actor,97,2024-01-03
44,Roger Penrose,Mathematician,94,2024-01-03
45,Rita Moreno,Singer,94,2024-01-03
46,Gary Snyder,Poet,95,2024-01-03
47,John Astin,Actor,95,2024-01-03
48,Angie Dickinson,Actor,94,2024-01-03
49,Carroll Baker,Actor,94,2024-01-03
50,Nancy Olson,Actor,97,2024-01-03
51,Claire Bloom,Actor,94,2024-01-03
52,Terry Moore (actress),Actor,96,2024-01-03
53,Otto F. Kernberg,Psychiatrist,97,2024-01-03
54,James Baker,Political,95,2024-01-03
55,Barbara Eden,Actor,94,2024-01-03
56,Stephen Smale,Mathematician,95,2024-01-03
57,Ellen Burstyn,Actor,93,2024-01-03
58,Frederick Wiseman,Film,95,2024-01-03
59,Bernie Ecclestone,Business,95,2024-01-03
60,Lois Smith,Actor,95,2024-01-03
61,June Squibb,Actor,96,2024-01-03
62,Robert Jay Lifton,Psychiatrist,99,2024-01-03
63,Jerry Schatzberg,Screenwriter,98,2024-01-03
64,Petula Clark,Actor,93,2024-01-03
65,Philip Kotler,Economist,94,2024-01-03
66,John Searle,Philosopher,93,2024-01-03
67,Irvin D. Yalom,Psychiatrist,94,2024-01-03
68,Joel Grey,Singer,93,2024-01-03
69,Dan Rather,News Presenter,94,2024-01-03
70,Mamie Van Doren,Actor,94,2024-01-03
71,William Kennedy (author),Writer,97,2024-01-03
72,Dominic Chianese,Singer,94,2024-01-03
73,Bridget Riley,Painter,94,2024-01-03
74,Diane Ladd,Actor,93,2024-01-03
75,W. Michael Blumenthal,Political,99,2024-01-03
76,Cynthia Ozick,Novelist,97,2024-01-03
77,John Milnor,Mathematician,94,2024-01-03
78,Kim Novak,Actor,92,2024-01-03
79,Joan Collins,Actor,92,2024-01-03
80,Carol Burnett,Singer,92,2024-01-03
81,Don King (boxing promoter),Manslaughter,94,2024-01-03
82,Charles Rangel,Politician,95,2024-01-03
83,Barbara Barrie,Actor,94,2024-01-03
84,Douglas Hurd,Conservative,95,2024-01-03
85,Virginia McKenna,Actor,94,2024-01-03
86,David Scott,Astronaut,93,2024-01-03
87,Robert Benton,Film,93,2024-01-03
88,Sheldon Lee Glashow,Physicist,93,2024-01-03
89,Theodore Edgar McCarrick,Prelate,95,2024-01-03
90,Peter Eisenman,Architect,93,2024-01-03
91,Elaine May,Actor,93,2024-01-03
92,Doc Severinsen,Bandleader,98,2024-01-03
93,Michael Dukakis,Politician,92,2024-01-03
94,Tom Skerritt,Actor,92,2024-01-03
95,Quentin Blake,Writer,93,2024-01-03
96,John Boorman,Screenwriter,92,2024-01-03
97,Paul R. Ehrlich,Lepidopterist,93,2024-01-03
98,Richard Lester,Film,93,2024-01-03
99,Alvin Plantinga,Theologian,93,2024-01-03
100,Irwin Winkler,Film,94,2024-01-03
101,Marla Gibbs,Singer,94,2024-01-03
102,James Tolkan,Actor,94,2024-01-03
103,Barbara Bain,Actor,94,2024-01-03
104,Jane Goodall,Zoologist,91,2024-01-03
105,Julie Newmar,Singer,92,2024-01-03
106,Peter Blake (artist),Painter,93,2024-01-03
107,Jerry Hardin,Actor,96,2024-01-03
108,Andrew Young,Politician,93,2024-01-03
109,John Cullum,Screenwriter,95,2024-01-03
110,Gloria Steinem,Journalist,91,2024-01-03
111,Richard Chamberlain,Actor,91,2024-01-03
112,Israel Kirzner,Economist,95,2024-01-03
113,Louis Farrakhan,Religious,92,2024-01-03
114,Chuck Grassley,Politician,92,2024-01-03
115,Shirley Jones,Actor,91,2024-01-03
116,Dick Hyman,Composer,98,2024-01-03
117,Toshiko Akiyoshi,Bandleader,96,2024-01-03
118,Antonia Fraser,Author,93,2024-01-03
119,Pat Boone,Singer,91,2024-01-03
120,George J. Mitchell,Politician,92,2024-01-03
121,Ralph Nader,Political,91,2024-01-03
122,Kenny Burrell,Guitar,94,2024-01-03
123,Debra Paget,Actor,92,2024-01-03
124,George E. Smith,Physicist,95,2024-01-03
125,Michael Heseltine,Conservative,92,2024-01-03
126,Tom Baker,Actor,91,2024-01-03
127,Alan Oppenheimer,Actor,95,2024-01-03
128,SiÃ¢n Phillips,Actor,92,2024-01-03
129,Harold Becker,Film,97,2024-01-03
130,Katherine Paterson,Writer,93,2024-01-03
131,Gay Talese,Writer,93,2024-01-03
132,Bonnie Bartlett,Actor,96,2024-01-03
133,John Norman,Writer,94,2024-01-03
134,Denise Scott Brown,Architect,94,2024-01-03
135,John Gurdon,Biologist,92,2024-01-03
136,Jerome Isaac Friedman,Physicist,95,2024-01-03
137,Eileen Atkins,Actor,91,2024-01-03
138,Frankie Valli,Singer,91,2024-01-03
139,Alan Bennett,Actor,91,2024-01-03
140,Hal Linden,Music,94,2024-01-03
141,Prunella Scales,Actor,93,2024-01-03
142,Ramblin' Jack Elliott,Singer,94,2024-01-03
143,Russell M. Nelson,Physician,101,2024-01-03
144,Richard Meier,Architect,91,2024-01-03
145,George Chakiris,Actor,91,2024-01-03
146,Ron Paul,Politician,90,2024-01-03
147,Russ Tamblyn,Actor,91,2024-01-03
148,Edmund Phelps,Economist,92,2024-01-03
149,"Norman Foster, Baron Foster of Thames Bank",Architect,90,2024-01-03
150,Tony Hoare,Computer Scientist,91,2024-01-03
151,Clive Davis,Producer,93,2024-01-03
152,John Glen (director),Film,93,2024-01-03
153,Mary Costa,Actor,95,2024-01-03
154,Norman Podhoretz,Conservative,95,2024-01-03
155,RenÃ©e Taylor,Playwright,92,2024-01-03
156,Walter Gilbert,Physicist,93,2024-01-03
157,Mara Corday,Actor,95,2024-01-03
158,Carmen Dell'Orefice,Actor,94,2024-01-03
159,Michael Frayn,Playwright,92,2024-01-03
160,Paul Ekman,Psychologist,91,2024-01-03
161,Phyllida Law,Actor,93,2024-01-03
162,Herb Alpert,Actor,90,2024-01-03
163,Kenneth Frampton,Historian,95,2024-01-03
164,Tina Louise,Singer,91,2024-01-03
165,Norman Tebbit,Politician,94,2024-01-03
166,Dave Grusin,Composer,91,2024-01-03
167,Richard Shelby,Politician,91,2024-01-03
168,Charles Strouse,Composer,97,2024-01-03
169,Samuel Adler (composer),Conductor,97,2024-01-03
170,C. N. R. Rao,Chemist,91,2024-01-03
171,David Harvey,Anthropologist,90,2024-01-03
172,Dudley R. Herschbach,Chemist,93,2024-01-03
173,Judd Hirsch,Actor,90,2024-01-03
174,Sandy Koufax,Baseball,90,2024-01-03
175,Alan Alda,Actor,89,2024-01-03
176,Johnny Mathis,Music,90,2024-01-03
177,Ken Loach,Film,89,2024-01-03
178,Laurence Rosenthal,Composer,99,2024-01-03
179,Sheila Hancock,Actor,92,2024-01-03
180,Piers Anthony,Novelist,91,2024-01-03
181,Bruce Dern,Actor,89,2024-01-03
182,Steve Reich,Composer,89,2024-01-03
183,Julian Glover,Actor,90,2024-01-03
184,Janet Baker,Singer,92,2024-01-03
185,Annie Proulx,Writer,90,2024-01-03
186,Barbara Feldon,Actress,92,2024-01-03
187,Jane Morgan,Actor,101,2024-01-03
188,Robert Silverberg,Screenwriter,90,2024-01-03
189,Douglas Wilder,Politician,94,2024-01-03
190,Don DeLillo,Writer,89,2024-01-03
191,Anthony Kenny,Philosopher,94,2024-01-03
192,Dana Scott,Mathematician,93,2024-01-03
193,Leonard Kleinrock,Mathematician,91,2024-01-03
194,Marilyn Horne,Singer,91,2024-01-03
195,Dolores Huerta,Trade Union,95,2024-01-03
196,Michael Forest,Actor,96,2024-01-03
197,Terry Riley,Composer,90,2024-01-03
198,William F. Sharpe,Economist,91,2024-01-03
199,Bill Wyman,Music,89,2024-01-03
200,Jean Marsh,Screenwriter,91,2024-01-03
201,Nicholas Pileggi,Writer,92,2024-01-03
202,Buddy Guy,Guitar,89,2024-01-03
203,Engelbert Humperdinck (singer),Singer,89,2024-01-03
204,Helen Merrill,Singer,95,2024-01-03
205,Charles Koch,Business,90,2024-01-03
206,David Lee (physicist),Physicist,94,2024-01-03
207,Richard Estes,Painter,93,2024-01-03
208,Penelope Lively,Writer,92,2024-01-03
209,La Monte Young,Composer,90,2024-01-03
210,James B. Harris,Film,97,2024-01-03
211,Caroline Graham,Screenwriter,94,2024-01-03
212,HÃ©ctor Elizondo,Actor,89,2024-01-03
213,Lee Meriwether,Actor,90,2024-01-03
214,Constance Towers,Singer,92,2024-01-03
215,Warren Beatty,Actor,88,2024-01-03
216,John G. Thompson,Mathematician,93,2024-01-03
217,Harrison Schmitt,Geologist,90,2024-01-03
218,Matthew Meselson,Biologist,95,2024-01-03
219,Donald P. Bellisario,Screenwriter,90,2024-01-03
220,Richard Bach,Writer,89,2024-01-03
221,Lou Adler,Producer,92,2024-01-03
222,George Ariyoshi,Politician,99,2024-01-03
223,Brian Blessed,Actor,89,2024-01-03
224,Philip Glass,Composer,88,2024-01-03
225,Ann Robinson,Actor,96,2024-01-03
226,Duane Michals,Photographer,93,2024-01-03
227,Katherine Jackson,Biographer,95,2024-01-03
228,Felicia Farr,Actor,93,2024-01-03
229,George Takei,Comedian,88,2024-01-03
230,Thomas Pynchon,Writer,88,2024-01-03
231,Richard A. Falk,Professor,95,2024-01-03
232,Harvey Cox,Theologian,96,2024-01-03
233,Jagdish Bhagwati,Economist,91,2024-01-03
234,Michael Walzer,Philosopher,90,2024-01-03
235,Joe Arpaio,Sheriff,93,2024-01-03
236,Bobby Vinton,Singer,90,2024-01-03
237,David Hockney,Painter,88,2024-01-03
238,Ervin LÃ¡szlÃ³,Philosopher,93,2024-01-03
239,James Meredith,Civil Rights,92,2024-01-03
240,Wendell Berry,Poet,91,2024-01-03
241,Nicholas F. Brady,Politician,95,2024-01-03
242,"Prince Edward, Duke of Kent",Royal Family,90,2024-01-03
243,Pratibha Patil,Politician,91,2024-01-03
244,Tom Stoppard,Playwright,88,2024-01-03
245,Herman Chernoff,Mathematician,102,2024-01-03
246,Edwin Meese,Lawyer,94,2024-01-03
247,Alan Simpson (American politician),Politician,94,2024-01-03
248,Jared Diamond,Biologist,88,2024-01-03
249,Vladimir Posner,Journalist,91,2024-01-03
250,Robert Paxton,Historian,93,2024-01-03
251,Bob Pettit,Basket,93,2024-01-03
252,Shirley Bassey,Singer,88,2024-01-03
253,Mark Rydell,Actor,91,2024-01-03
254,Walter Koenig,Actor,89,2024-01-03
255,Barbara Mikulski,Politician,89,2024-01-03
256,Michael H. Hart,Physicist,93,2024-01-03
257,Keir Dullea,Actor,89,2024-01-03
258,Sylvia Earle,Biologist,90,2024-01-03
259,Sander Levin,Politician,94,2024-01-03
260,Abbe Lane,Actor,93,2024-01-03
261,Joyce Van Patten,Actor,91,2024-01-03
262,Edward Fox (actor),Actor,88,2024-01-03
263,Tom Courtenay,Actor,88,2024-01-03
264,Gary Hart,Politician,89,2024-01-03
265,Billy Dee Williams,Actor,88,2024-01-03
266,Edward O. Thorp,Mathematician,93,2024-01-03
267,Anthony Kennedy,Lawyer,89,2024-01-03
268,Don Preston,Music,93,2024-01-03
269,Jean M. Auel,Writer,89,2024-01-03
270,Richard Wilson (Scottish actor),Theatre,89,2024-01-03
271,Fred Haise,Astronaut,92,2024-01-03
272,Dyan Cannon,Film,88,2024-01-03
273,Jon Voight,Actor,87,2024-01-03
274,John L. Hall,Physicist,91,2024-01-03
275,Don Bluth,Film,88,2024-01-03
276,Leonard Peikoff,Philosopher,92,2024-01-03
277,Philip Kaufman,Actor,89,2024-01-03
278,Bernie Kopell,Screenwriter,92,2024-01-03
279,Jim Dine,Painter,90,2024-01-03
280,Yuan T. Lee,Chemist,89,2024-01-03
281,Caldwell Esselstyn,Rower,92,2024-01-03
282,Elizabeth Dole,Politician,89,2024-01-03
283,Richard Swinburne,Philosopher,91,2024-01-03
284,Joe Don Baker,Actor,89,2024-01-03
285,Don Norman,Computer Scientist,90,2024-01-03
286,Christopher Lloyd,Actor,87,2024-01-03
287,Bat Ye'or,Essayist,92,2024-01-03
288,David Amram,Singer,95,2024-01-03
289,David Irving,Essayist,87,2024-01-03
290,Donald Knuth,Mathematician,87,2024-01-03
291,Lee Friedlander,Photographer,91,2024-01-03
292,Ray Cooney,Playwright,93,2024-01-03
293,Thomas Nagel,Philosopher,88,2024-01-03
294,Charles Duke,Astronaut,90,2024-01-03
295,Samuel C. C. Ting,Physicist,89,2024-01-03
296,Joyce Carol Oates,Playwright,87,2024-01-03
297,Derek Jacobi,Actor,87,2024-01-03
298,Michael Craig (actor),Actor,97,2024-01-03
299,Susan Cooper,Writer,90,2024-01-03
300,Jerry Brown,Politician,87,2024-01-03
301,Tom Atkins (actor),Actor,90,2024-01-03
302,Terence Stamp,Actor,87,2024-01-03
303,Christina Pickles,Actor,90,2024-01-03
304,Frank Langella,Actor,87,2024-01-03
305,Steven Berkoff,Actor,88,2024-01-03
306,Ben Nighthorse Campbell,Politician,92,2024-01-03
307,Jamie Farr,Comedian,91,2024-01-03
308,Connie Francis,Singer,87,2024-01-03
309,Anthony Giddens,Sociologist,87,2024-01-03
310,Roald Hoffmann,Chemist,88,2024-01-03
311,E. D. Hirsch,Literary,97,2024-01-03
312,Elliott Gould,Actor,87,2024-01-03
313,Frederick Forsyth,Writer,87,2024-01-03
314,Ted Turner,Entrepreneur,87,2024-01-03
315,H. D. Deve Gowda,Politician,92,2024-01-03
316,Peter Brown (historian),Historian,90,2024-01-03
317,Terry Gibbs,Bandleader,101,2024-01-03
318,Sheila Jordan,Music,97,2024-01-03
319,Anita Desai,Writer,88,2024-01-03
320,John Standing,Actor,91,2024-01-03
321,Ralph Bakshi,Film,87,2024-01-03
322,Anthony Zerbe,Actor,89,2024-01-03
323,Chris Bonington,Mountaineer,91,2024-01-03
324,Story Musgrave,Astronaut,90,2024-01-03
325,Lois Lowry,Writer,88,2024-01-03
326,Seymour Hersh,Journalist,88,2024-01-03
327,Marlo Thomas,Producer,88,2024-01-03
328,Robert Woodrow Wilson,Astronomer,89,2024-01-03
329,Anne Reid,Actor,90,2024-01-03
330,Margaret O'Brien,Actor,88,2024-01-03
331,Lester R. Brown,Agronomist,91,2024-01-03
332,Pat Buchanan,Conservative,87,2024-01-03
333,Oscar Robertson,Basket,87,2024-01-03
334,Robert Gallo,Virologist,88,2024-01-03
335,Ron Carter,Cellist,88,2024-01-03
336,Milan PaniÄ,Business,96,2024-01-03
337,Bobby Bare,Singer,90,2024-01-03
338,William Devane,Actor,88,2024-01-03
339,Wanda Jackson,Singer,88,2024-01-03
340,Stephen Breyer,Lawyer,87,2024-01-03
341,James Lee Burke,Writer,89,2024-01-03
342,Alan Garner,Writer,91,2024-01-03
343,Robert Fuller (actor),Actor,92,2024-01-03
344,Dick Cavett,Actor,89,2024-01-03
345,Ruth Buzzi,Actor,89,2024-01-03
346,Alan Dershowitz,Lawyer,87,2024-01-03
347,Riane Eisler,Anthropologist,94,2024-01-03
348,Susan Kohner,Actor,89,2024-01-03
349,Harvey Keitel,Actor,86,2024-01-03
350,Pat Roberts,Politician,89,2024-01-03
351,Michael Kahn (film editor),Film,90,2024-01-03
352,Gerhard Weinberg,Historian,97,2024-01-03
353,Don McCullin,Biographer,90,2024-01-03
354,David Burke (British actor),Actor,91,2024-01-03
355,Peter Arnett,Journalist,91,2024-01-03
356,Joseph Nye,Political Scientist,88,2024-01-03
357,F. Murray Abraham,Actor,86,2024-01-03
358,Gerald Scarfe,Caricaturist,89,2024-01-03
359,Leon Panetta,Politician,87,2024-01-03
360,Richard M. Karp,Mathematician,90,2024-01-03
361,Loretta Swit,Actor,88,2024-01-03
362,Lily Tomlin,Actor,86,2024-01-03
363,"Katharine, Duchess of Kent",Royal Family,92,2024-01-03
364,Larry Lieber,Artist,94,2024-01-03
365,Archie Shepp,Composer,88,2024-01-03
366,Gilbert Strang,Mathematician,91,2024-01-03
367,Hamilton O. Smith,Biologist,94,2024-01-03
368,Eugene Braunwald,Cardiologist,96,2024-01-03
369,Connie Stevens,Film,87,2024-01-03
370,"Princess Alexandra, The Honourable Lady Ogilvy",Queen,89,2024-01-03
371,Edward Ruscha,Painter,88,2024-01-03
372,Carol Gilligan,Psychologist,89,2024-01-03
373,Derek Bok,Education,95,2024-01-03
374,Larry Niven,Writer,87,2024-01-03
375,Bruce Glover,Actor,93,2024-01-03
376,Jackie Stewart,Racing,86,2024-01-03
377,Stanley G. Payne,Historian,91,2024-01-03
378,Michael Parenti,Political Scientist,92,2024-01-03
379,Garrett Morris,Actor,88,2024-01-03
380,David Baltimore,Virologist,87,2024-01-03
381,Harris Yulin,Actor,88,2024-01-03
382,Judea Pearl,Computer Scientist,89,2024-01-03
383,Nick Clooney,Journalist,91,2024-01-03
384,Bobby Seale,Activist,89,2024-01-03
385,Michael Moorcock,Novelist,86,2024-01-03
386,Jayant Narlikar,Physicist,87,2024-01-03
387,George Hamilton (actor),Film,86,2024-01-03
388,Jay Rockefeller,Politician,88,2024-01-03
389,Richard Beymer,Actor,87,2024-01-03
390,Richard Benjamin,Film,87,2024-01-03
391,Peter Watkins,Film,90,2024-01-03
392,James Dobson,Psychologist,89,2024-01-03
393,J. Michael Bishop,Biologist,89,2024-01-03
394,Peter Hirsch,Physicist,100,2024-01-03
395,Scott Glenn,Actor,86,2024-01-03
396,Judy Parfitt,Actor,90,2024-01-03
397,Martha Grimes,Writer,94,2024-01-03
398,Carol Lawrence,Actor,93,2024-01-03
399,Ronny Cox,Actor,87,2024-01-03
400,Jack McDevitt,Writer,90,2024-01-03
401,Tom Paxton,Singer,88,2024-01-03
402,Ali MacGraw,Actor,86,2024-01-03
403,Neil Sedaka,Singer,86,2024-01-03
404,Jake Garn,Politician,93,2024-01-03
405,Rainer Weiss,Physicist,93,2024-01-03
406,Lawrence Block,Writer,87,2024-01-03
407,Grace Slick,Singer,86,2024-01-03
408,Diana Muldaur,Actor,87,2024-01-03
409,Tommy Steele,Singer,89,2024-01-03
410,Bill Moyers,Journalist,91,2024-01-03
411,Ted Nelson,Philosopher,88,2024-01-03
412,Roger Norrington,Conductor,91,2024-01-03
413,Shirley Eaton,Actor,88,2024-01-03
414,Frederic Raphael,Actor,94,2024-01-03
415,Thea Musgrave,Composer,97,2024-01-03
416,Terry Gilliam,Film,85,2025-01-03
417,Martin Sheen,Actor,85,2025-01-03
418,Andrew Davies (writer),Screenwriter,89,2024-01-03
419,Tom Jones (singer),Singer,85,2025-01-03
420,Frank Murkowski,Politician,92,2024-01-03
421,Dennis Skinner,Politician,93,2024-01-03
422,Barry McGuire,Singer,90,2024-01-03
423,David Mumford,Mathematician,88,2024-01-03
424,Brian De Palma,Film,85,2025-01-03
425,Cliff Richard,Actor,85,2025-01-03
426,James Fox,Actor,86,2024-01-03
427,Carl Icahn,Stockbroker,89,2024-01-03
428,Julie Christie,Actor,85,2025-01-03
429,Dan Inosanto,Martial Art,89,2024-01-03
430,Diane Baker,Actor,87,2024-01-03
431,David Bailey,Photographer,87,2024-01-03
432,George Carey,Bishop,90,2024-01-03
433,Herbie Hancock,Singer,85,2025-01-03
434,Fred Williamson,Actor,87,2024-01-03
435,Jack Betts,Actor,96,2024-01-03
436,Jim Dale,Actor,90,2024-01-03
437,Wendy Carlos,Composer,86,2024-01-03
438,Dionne Warwick,Singer,85,2025-01-03
439,Ralph Lauren,Designer,86,2024-01-03
440,Nancy Pelosi,Politician,85,2025-01-03
441,Kip Thorne,Physicist,85,2025-01-03
442,Mary Berry,Biographer,90,2024-01-03
443,Susan Hampshire,Actor,88,2024-01-03
444,Lenny Wilkens,Basket,88,2024-01-03
445,Jane Alexander,Actor,86,2024-01-03
446,Lee Majors,Actor,86,2024-01-03
447,Jack Nicklaus,Golf,85,2025-01-03
448,James Cromwell,Actor,85,2025-01-03
449,Nancy Sinatra,Singer,85,2025-01-03
450,Barbara Steele,Actor,88,2024-01-03
451,Lance Henriksen,Actor,85,2025-01-03
452,Judy Collins,Singer,86,2024-01-03
453,Alan J. Heeger,Physicist,89,2024-01-03
454,Eugene Fama,Economist,86,2024-01-03
455,Jeffrey Archer,Novelist,85,2025-01-03
456,Samantha Eggar,Actor,86,2024-01-03
457,Gary Lockwood,Actor,88,2024-01-03
458,Barbara Babcock,Actor,88,2024-01-03
459,Sonia Sanchez,Playwright,91,2024-01-03
460,Perry Anderson,Historian,87,2024-01-03
461,Katharine Ross,Actor,85,2025-01-03
462,Brenda Vaccaro,Actor,86,2024-01-03
463,James Brolin,Actor,85,2025-01-03
464,James L. Brooks,Screenwriter,85,2025-01-03
465,Smokey Robinson,Singer,85,2025-01-03
466,Dolores Hart,Actor,87,2024-01-03
467,Bob Kahn,Engineer,87,2024-01-03
468,Alan Baddeley,Psychologist,91,2024-01-03
469,Sam Waterston,Film,85,2025-01-03
470,Daniel McFadden,Economist,88,2024-01-03
471,Lorraine Gary,Actor,88,2024-01-03
472,Waheeda Rehman,Actor,87,2024-01-03
473,Ivan Sutherland,Inventor,87,2024-01-03
474,Gwyneth Jones (soprano),Singer,89,2024-01-03
475,Ann Bannon,Author,93,2024-01-03
476,Judy Chicago,Painter,86,2024-01-03
477,Phil Knight,Business,87,2024-01-03
478,Anthony James Leggett,Physicist,87,2024-01-03
479,Brett Halsey,Actor,92,2024-01-03
480,George Akerlof,Economist,85,2025-01-03
481,Peter Burke (historian),Academic,88,2024-01-03
482,Michael Artin,Mathematician,91,2024-01-03
483,Jimmy Swaggart,Singer,90,2024-01-03
484,Patrick Leahy,Politician,85,2025-01-03
485,Polly Holliday,Actor,88,2024-01-03
486,Kenneth H. Cooper,Doctor,94,2024-01-03
487,Millie Perkins,Actor,87,2024-01-03
488,Judy Blume,Writer,87,2024-01-03
489,John Sculley,Business,86,2024-01-03
490,George Hearn,Actor,91,2024-01-03
491,Roy Hattersley,Author,93,2024-01-03
492,Ron Rifkin,Film,86,2024-01-03
493,Thomas Harris,Writer,85,2025-01-03
494,Paula Prentiss,Actor,87,2024-01-03
495,Irwin M. Jacobs,Academic,92,2024-01-03
496,David Owen,Politician,87,2024-01-03
497,Guido Calabresi,Scholar,93,2024-01-03
498,James Galway,Music,86,2024-01-03
499,Barbara Boxer,Politician,85,2025-01-03
500,Yvonne Rainer,Film,91,2024-01-03
501,Robert Littell (author),Novelist,90,2024-01-03
502,Anne Osborn Krueger,Economist,91,2024-01-03
503,Rusty Schweickart,Aeronautical,90,2024-01-03
504,Sherrill Milnes,Singer,90,2024-01-03
505,Don Bachardy,Painter,91,2024-01-03
506,Marge Piercy,Writer,89,2024-01-03
507,Elizabeth Ashley,Biographer,86,2024-01-03
508,Norman Davies,Historian,86,2024-01-03
509,John Rechy,Writer,94,2024-01-03
510,Monte Markham,Actor,90,2024-01-03
511,Jeremy Bernstein,Physicist,96,2024-01-03
512,David Shire,Composer,88,2024-01-03
513,Thomas Kean,Politician,90,2024-01-03
514,Frankie Avalon,Singer,85,2025-01-03
515,Mike Farrell,Actor,86,2024-01-03
516,Nancy Kovack,Actor,90,2024-01-03
517,Ian Hunter (singer),Singer,86,2024-01-03
518,Steny Hoyer,Politician,86,2024-01-03
519,Nancy Kwan,Actor,86,2024-01-03
520,George Ryan,Politician,91,2024-01-03
521,Barry Corbin,Actor,85,2025-01-03
522,William Eggleston,Photographer,86,2024-01-03
523,Mario Andretti,Driver,85,2025-01-03
524,Kenneth Clarke,Politician,85,2025-01-03
525,Roland Huntford,Author,98,2024-01-03
526,Pauline Collins,Actor,85,2025-01-03
527,Mark di Suvero,Sculptor,92,2024-01-03
528,Lee H. Hamilton,Politician,94,2024-01-03
529,John Corigliano,Composer,87,2024-01-03
530,Paul Williams (songwriter),Actor,85,2025-01-03
531,Lamar Alexander,Politician,85,2025-01-03
532,John Badham,Film,86,2024-01-03
533,Ralph Steadman,Caricaturist,89,2024-01-03
534,Robert Rubin,Politician,87,2024-01-03
535,Richard Posner,Judge,86,2024-01-03
536,Herbert J. Gans,Sociologist,98,2024-01-03
537,Michael Murphy (actor),Actor,87,2024-01-03
538,Alan Ayckbourn,Playwright,86,2024-01-03
539,Tenley Albright,Skater,90,2024-01-03
540,Georgina Spelvin,Actor,89,2024-01-03
541,Linda Gray,Actor,85,2025-01-03
542,Roald Sagdeev,Physicist,93,2024-01-03
543,Jill St. John,Actor,85,2025-01-03
544,Louis Begley,Novelist,92,2024-01-03
545,Billy Williams (cinematographer),Cinema,96,2024-01-03
546,Mario Capecchi,Biologist,88,2024-01-03
547,Eleanor Bron,Actor,87,2024-01-03
548,Bruce Davidson (photographer),Published,92,2024-01-03
549,Dion DiMucci,Music,86,2024-01-03
550,Lee Trevino,Golf,86,2024-01-03
551,Raj Reddy,Computer Scientist,88,2024-01-03
552,Michael Learned,Actor,86,2024-01-03
553,Pete Wilson,Politician,92,2024-01-03
554,Jerry Adler,Actor,96,2024-01-03
555,Carol Kaye,Guitar,90,2024-01-03
556,Roy Romer,Politician,97,2024-01-03
557,Thomas R. Pickering,Diplomat,94,2024-01-03
558,Margaret Drabble,Novelist,86,2024-01-03
559,Harold E. Varmus,Virologist,86,2024-01-03
560,James Burton,Guitar,86,2024-01-03
561,Barry Mazur,Mathematician,88,2024-01-03
562,Barbara Liskov,Computer Scientist,86,2024-01-03
563,Ray Hyman,Psychologist,97,2024-01-03
564,Irma P. Hall,Actor,90,2024-01-03
565,Maxine Waters,Politician,87,2024-01-03
566,Charles Lloyd (jazz musician),Composer,87,2024-01-03
567,Dean Tavoularis,Scenographer,93,2024-01-03
568,Burton Malkiel,Economist,93,2024-01-03
569,Gary Graffman,Pianist,97,2024-01-03
570,Stanley Fish,Philosopher,87,2024-01-03
571,A. J. Foyt,Driver,90,2024-01-03
572,Carver Mead,Computer Scientist,91,2024-01-03
573,Peter Cook (architect),Lecturer,89,2024-01-03
574,Morton Subotnick,Composer,92,2024-01-03
575,Sam Nunn,Politician,87,2024-01-03
576,Edward Feigenbaum,Computer Scientist,89,2024-01-03
577,John Scott (composer),Bandleader,95,2024-01-03
578,Annette Crosbie,Actor,91,2024-01-03
579,Barney Frank,Politician,85,2025-01-03
580,Audrey Dalton,Actor,91,2024-01-03
581,Robin Cook (American novelist),Writer,85,2025-01-03
582,Eddie Palmieri,Bandleader,89,2024-01-03
583,Joe Torre,Baseball,85,2025-01-03
584,Bob Packwood,Politician,93,2024-01-03
585,Adam Maida,Cardinal,95,2024-01-03
586,Caryl Churchill,Screenwriter,87,2024-01-03
587,Jacques VallÃ©e,Astronomer,86,2024-01-03
588,Leonard Susskind,Physicist,85,2025-01-03
589,James Stafford,Priest,93,2024-01-03
590,Elliott H. Lieb,Mathematician,93,2024-01-03
591,Monty Roberts,Horse Trainer,90,2024-01-03
592,Thelma Schoonmaker,Film,85,2025-01-03
593,John O'Keefe (neuroscientist),Neurologist,86,2024-01-03
594,Brian Josephson,Physicist,85,2025-01-03
595,Eleanor Holmes Norton,Politician,88,2024-01-03
596,Albert Hall (actor),Actor,88,2024-01-03
597,David Horowitz,Conservative,86,2024-01-03
598,Billy Mills,Track And Field,87,2024-01-03
599,Tom Harkin,Politician,86,2024-01-03
600,Elinor Donahue,Actor,88,2024-01-03
601,David Jason,Actor,85,2025-01-03
602,Barry Mann,Singer,86,2024-01-03
603,William Cohen,Politician,85,2025-01-03
604,Willie Brown (politician),Politician,91,2024-01-03
605,Nicholas Wolterstorff,Philosopher,93,2024-01-03
606,David Steel,Politician,87,2024-01-03
607,Peter S. Beagle,Writer,86,2024-01-03
608,Alan Kay,Computer Scientist,85,2025-01-03
609,Barry Barish,Physicist,89,2024-01-03
610,David Souter,Lawyer,86,2024-01-03
611,Stewart Brand,Essayist,87,2024-01-03
612,Elliot Aronson,Psychologist,93,2024-01-03
613,Louise Lasser,Actor,86,2024-01-03
614,Carla Anderson Hills,Politician,91,2024-01-03
615,Jan Harold Brunvand,Anthropologist,92,2024-01-03
616,Carl Yastrzemski,Baseball,86,2024-01-03
617,Wilbur Ross,Financier,88,2024-01-03
618,Mavis Staples,Singer,86,2024-01-03
619,Pat Priest (actress),Actor,89,2024-01-03
620,Allen Jones (artist),Painter,88,2024-01-03
621,Cliff Hagan,Basket,94,2024-01-03
622,Gerald R. Molen,Actor,90,2024-01-03
623,Henry B. Eyring,Education,92,2024-01-03
624,Robert Crippen,Astronaut,88,2024-01-03
625,Lainie Kazan,Actor,85,2025-01-03
626,Joel-Peter Witkin,Photographer,86,2024-01-03
627,Ishmael Reed,Poet,87,2024-01-03
628,Leslie Parrish,Actor,90,2024-01-03
629,Jerry Lucas,Basket,85,2025-01-03
630,Hubie Brown,Basket,92,2024-01-03
631,Reri Grist,Music,93,2024-01-03
632,Bob James (musician),Keyboardist,86,2024-01-03
633,Roger Mahony,Cardinal,89,2024-01-03
634,Patrick Wayne,Actor,86,2024-01-03
635,Sonny Jurgensen,Football,91,2024-01-03
636,Stephen Cook,Computer Scientist,86,2024-01-03
637,T. Colin Campbell,Biochemist,91,2024-01-03
638,Robert Caro,Author,90,2024-01-03
639,Leland H. Hartwell,Geneticist,86,2024-01-03
640,David Allan Coe,Singer,86,2024-01-03
641,Peter Duesberg,Virologist,89,2024-01-03
642,Roy Thomas,Artist,85,2025-01-03
643,Agnes Denes,Artist,94,2024-01-03
644,Harry B. Gray,Chemist,90,2024-01-03
645,Dan Hedaya,Actor,85,2025-01-03
646,Manfred Mann (musician),Music,85,2025-01-03
647,Thomas Kailath,Computer Scientist,90,2024-01-03
648,Jack Hill,Film,92,2024-01-03
649,Roy Thinnes,Actor,87,2024-01-03
650,Peter Diamond,Economist,85,2025-01-03
651,Jorma Kaukonen,Guitar,85,2025-01-03
652,Richard Garwin,Physicist,97,2024-01-03
653,Michael Aspel,Television,92,2024-01-03
654,G. Edward Griffin,Author,94,2024-01-03
655,George Schaller,Biologist,92,2024-01-03
656,Shirley Collins,Singer,90,2024-01-03
657,Magdi Yacoub,Surgeon,90,2024-01-03
658,Charles Cioffi,Actor,90,2024-01-03
659,Nancy Kassebaum,Politician,93,2024-01-03
660,Harvey Mansfield,Political Scientist,93,2024-01-03
661,Al D'Amato,Politician,88,2024-01-03
662,Don Black (lyricist),Songwriter,87,2024-01-03
663,Emma Andijewska,Poet,94,2024-01-03
664,Robert Colbert,Actor,94,2024-01-03
665,John McPhee,Writer,94,2024-01-03
666,Yvon Chouinard,Mountaineer,87,2024-01-03
667,Bill Mazeroski,Baseball,89,2024-01-03
668,RenÃ©e Richards,Player,91,2024-01-03
669,Trevor Nunn,Theatre,85,2025-01-03
670,Donna Mills,Actor,85,2025-01-03
671,Lawrence Gordon (producer),Film,89,2024-01-03
672,William Julius Wilson,Sociologist,90,2024-01-03
673,Mike Ditka,Football,86,2024-01-03
674,John Negroponte,Politician,86,2024-01-03
675,George M. Whitesides,Chemist,86,2024-01-03
676,Joseph D. Pistone,Crime,86,2024-01-03
677,Raymond J. Barry,Actor,86,2024-01-03
678,Daniel C. Tsui,Physicist,86,2024-01-03
679,Peter Kreeft,Theologian,88,2024-01-03
680,Kathryn Beaumont,Actor,87,2024-01-03
681,Aidan Chambers,Playwright,91,2024-01-03
682,Nita Lowey,Politician,88,2024-01-03
683,Roland Burris,Politician,88,2024-01-03
684,Frances Fox Piven,Political Scientist,93,2024-01-03
685,Quentin Skinner,Philosopher,85,2025-01-03
686,Stu Phillips (composer),Composer,96,2024-01-03
687,Robert Darnton,Historian,86,2024-01-03
688,Arthur Scargill,Politician,87,2024-01-03
689,Peggy Seeger,Singer,90,2024-01-03
690,Susan Flannery,Actor,86,2024-01-03
691,Tom Brokaw,Journalist,85,2025-01-03
692,Natalia Makarova,Ballet,85,2025-01-03
693,Dallin H. Oaks,Lawyer,93,2024-01-03
694,Peter Lovesey,Writer,89,2024-01-03
695,Eddie Floyd,Singer,88,2024-01-03
696,Hyman Bass,Mathematician,93,2024-01-03
697,Robert Adams (photographer),Photographer,88,2024-01-03
698,Ralph E. Gomory,Mathematician,96,2024-01-03
699,Larry Brown (basketball),Basket,85,2025-01-03
700,Joan Jonas,Choreographer,89,2024-01-03
701,William Bolcom,Pianist,87,2024-01-03
702,Terry Kiser,Actor,86,2024-01-03
703,Bud Selig,Baseball,91,2024-01-03
704,Jane Wagner,Screenwriter,90,2024-01-03
705,Hampton Fancher,Actor,87,2024-01-03
706,Clarence Carter,Singer,89,2024-01-03
707,Tommy Sands (American singer),Singer,88,2024-01-03
708,John Danforth,Politician,89,2024-01-03
709,Chuck Mangione,Conductor,85,2025-01-03
710,Kenneth Colley,Actor,88,2024-01-03
711,Daniel Kleppner,Physicist,93,2024-01-03
712,Helen Prejean,Monk,86,2024-01-03
713,Norman Spinrad,Writer,85,2025-01-03
714,Michael Hudson (economist),Economist,86,2024-01-03
715,Peter H. Raven,Botanist,89,2024-01-03
716,Jerry Kramer,Football,89,2024-01-03
717,James Burrows,Screenwriter,85,2025-01-03
718,Rich Little,Impressionist,87,2024-01-03
719,James E. Darnell,Biologist,95,2024-01-03
720,Daniel J. Travanti,Actor,85,2025-01-03
721,Will Hutchins,Actor,95,2024-01-03
722,Mason Williams,Music,87,2024-01-03
723,Ken Jenkins,Actor,85,2025-01-03
724,James M. McPherson,Historian,89,2024-01-03
725,John F. MacArthur,Writer,86,2024-01-03
726,Alan Walker (musicologist),Music,95,2024-01-03
727,Susan Brownmiller,Feminist,90,2024-01-03
728,"Richard Layard, Baron Layard",Economist,91,2024-01-03
729,Rudy Boschwitz,Politician,95,2024-01-03
730,Bruce Babbitt,Politician,87,2024-01-03
731,Jackie Joseph,Actor,91,2024-01-03
732,Kevin Brownlow,Film,87,2024-01-03
733,Chip Taylor,Music,85,2025-01-03
734,Viva (actress),Actor,87,2024-01-03
735,Peter Atkins,Chemist,85,2025-01-03
736,Pema ChÃ¶drÃ¶n,Writer,89,2024-01-03
737,Arthur Laffer,Economist,85,2025-01-03
738,Larry Peerce,Film,95,2024-01-03
739,Bruce Alberts,Biochemist,87,2024-01-03
740,Wanda Ventham,Actor,90,2024-01-03
741,Wendy Craig,Actor,91,2024-01-03
742,Mariette Hartley,Actor,85,2025-01-03
743,Edmund White,Novelist,85,2025-01-03
744,Talal Asad,Anthropologist,92,2024-01-03
745,Jim Steranko,Artist,87,2024-01-03
746,Michael Gazzaniga,Psychologist,86,2024-01-03
747,Phil Roman,Animator,95,2024-01-03
748,Matthew Carter,Designer,88,2024-01-03
749,Bob Dishy,Actor,91,2024-01-03
750,John Neumeier,Choreographer,86,2024-01-03
751,Roger McGough,Author,88,2024-01-03
752,Bill Gaither (gospel singer),Singer,89,2024-01-03
753,David Kaplan (philosopher),Philosopher,92,2024-01-03
754,Larry Hankin,Actor,85,2025-01-03
755,Kit Bond,Politician,86,2024-01-03
756,Brian Auger,Pianist,86,2024-01-03
757,Claire Tomalin,Author,92,2024-01-03
758,Fred Alan Wolf,Physicist,91,2024-01-03
759,James Burke (science historian),Historian,89,2024-01-03
760,John Hopcroft,Computer Scientist,86,2024-01-03
761,Austin Pendleton,Playwright,85,2025-01-03
762,Peter Ueberroth,Polo,88,2024-01-03
763,Ned Jarrett,Driver,93,2024-01-03
764,Edward Gibson,Astronaut,89,2024-01-03
765,Paul Craig Roberts,Economist,86,2024-01-03
766,Jim McDermott,Politician,89,2024-01-03
767,Neal Ascherson,Essayist,93,2024-01-03
768,George Coleman,Music,90,2024-01-03
769,Ray Stevens,Singer,86,2024-01-03
770,John Leyton,Actor,90,2024-01-03
771,Robert Shaye,Film,86,2024-01-03
772,Porter Goss,Politician,87,2024-01-03
773,Jane Elliott,Activist,92,2024-01-03
774,Bill Medley,Singer,85,2025-01-03
775,Samuel Bowles (economist),Economist,89,2024-01-03
776,Michael Bell (actor),Actor,87,2024-01-03
777,Frank Serpico,Police,89,2024-01-03
778,Richard Petty,Nascar,88,2024-01-03
779,Hubert Laws,Music,86,2024-01-03
780,Michael Fairman,Actor,91,2024-01-03
781,Joel Meyerowitz,Photographer,87,2024-01-03
782,David Zinman,Conductor,89,2024-01-03
783,Nikolai Tolstoy,Writer,90,2024-01-03
784,David Seltzer,Film,85,2025-01-03
785,Tony Bill,Actor,85,2025-01-03
786,Mary Beth Peil,Singer,85,2025-01-03
787,Margaret Hamilton (scientist),Computer Scientist,89,2024-01-03
788,Robert A. M. Stern,Architect,86,2024-01-03
789,Rita R. Colwell,Research,91,2024-01-03
790,Peter Lupus,Actor,93,2024-01-03
791,Anita Gillette,Actor,89,2024-01-03
792,Nicholas Grimshaw,Architect,86,2024-01-03
793,Patrick Godfrey,Actor,92,2024-01-03
794,John Guare,Playwright,87,2024-01-03
795,Stella Rimington,Author,90,2024-01-03
796,Fran Tarkenton,Football,85,2025-01-03
797,Judith Viorst,Writer,94,2024-01-03
798,Joseph L. Goldstein,Geneticist,85,2025-01-03
799,Kenneth Copeland,Actor,89,2024-01-03
800,John Dean,Attorney,87,2024-01-03
801,Flaco JimÃ©nez,Music,86,2024-01-03
802,Nanette Newman,Actor,91,2024-01-03
803,Christian Wolff (composer),Composer,91,2024-01-03
804,Melvyn Bragg,Screenwriter,86,2024-01-03
805,Jim Clyburn,Politician,85,2025-01-03
806,Carol Heiss,Skater,85,2025-01-03
807,Carl Gottlieb,Screenwriter,87,2024-01-03
808,Joan O'Brien,Actor,89,2024-01-03
809,P. J. Proby,Singer,87,2024-01-03
810,Joachim Frank,Chemist,85,2025-01-03
811,Chris Farlowe,Singer,85,2025-01-03
812,Herbert Boyer,Research,89,2024-01-03
813,Pippa Scott,Actor,90,2024-01-03
814,Ruzena Bajcsy,Computer Scientist,92,2024-01-03
815,Sara Dylan,Actor,86,2024-01-03
816,Erin Pizzey,Writer,86,2024-01-03
817,Jane Yolen,Writer,86,2024-01-03
818,Jo Anne Worley,Actor,88,2024-01-03
819,Lou Antonio,Actor,91,2024-01-03
820,James Gill (artist),Painter,91,2024-01-03
821,Johnny Tillotson,Music,86,2024-01-03
822,Joseph P. Kerwin,Physician,93,2024-01-03
823,Matt Clark (actor),Actor,89,2024-01-03
824,Lynn Carlin,Actor,87,2024-01-03
825,Walter Alvarez,Geologist,85,2025-01-03
826,Leon O. Chua,Academic,89,2024-01-03
827,Jack Daniels (coach),Athlete,92,2024-01-03
828,Max Baer Jr.,Actor,88,2024-01-03
829,Jac Holzman,Entrepreneur,94,2024-01-03
830,Theodore Zeldin,Historian,92,2024-01-03
831,Kenneth J. Gergen,Psychologist,90,2024-01-03
832,Dick Armey,Politician,85,2025-01-03
833,Richard Rhodes,Historian,88,2024-01-03
834,Oliver Ford Davies,Actor,86,2024-01-03
835,Stanley Norman Cohen,Geneticist,90,2024-01-03
836,David Gates,Guitar,85,2025-01-03
837,Joseph P. Allen,Astronaut,88,2024-01-03
838,Joan Blackman,Actor,87,2024-01-03
839,Dee Palmer,Music,88,2024-01-03
840,Madeleine Kunin,Politician,92,2024-01-03
841,Rosey Grier,Actor,93,2024-01-03
842,Dakin Matthews,Playwright,85,2025-01-03
843,Carole Pateman,Political Scientist,85,2025-01-03
844,Douglas McIlroy,Engineer,93,2024-01-03
845,Jon Cypher,Actor,93,2024-01-03
846,Ron Atkinson,Football,86,2024-01-03
847,Bradley Efron,Bioinformatician,87,2024-01-03
848,William G. Dever,Anthropologist,92,2024-01-03
849,Stuart Kauffman,Biologist,86,2024-01-03
850,Godfrey Reggio,Film,85,2025-01-03
851,Raymond Berry,Football,92,2024-01-03
852,Anthony Lake,Political Scientist,86,2024-01-03
853,Laurence Luckinbill,Film,91,2024-01-03
854,Candi Staton,Singer,85,2025-01-03
855,Lucy R. Lippard,Writer,88,2024-01-03
856,John Grinder,Linguist,85,2025-01-03
857,G. E. R. Lloyd,Historian,92,2024-01-03
858,Richard Harrison (actor),Actor,89,2024-01-03
859,Peter Max,Artist,88,2024-01-03
860,Michael Deeley,Film,93,2024-01-03
861,William Bell (singer),Singer,86,2024-01-03
862,Ralph Towner,Guitar,85,2025-01-03
863,Stanley Hauerwas,Ethicist,85,2025-01-03
864,Gordon S. Wood,Historian,92,2024-01-03
865,Michael Lindsay-Hogg,Film,85,2025-01-03
866,GÃ¡bor A. Somorjai,Chemist,90,2024-01-03
867,Grace Napolitano,Politician,89,2024-01-03
868,"Robert Skidelsky, Baron Skidelsky",Historian,86,2024-01-03
869,Buck Taylor,Actor,87,2024-01-03
870,Bill Anderson (singer),Singer,88,2024-01-03
871,Gary Raymond,Actor,90,2024-01-03
872,Jeff Barry,Singer,87,2024-01-03
873,John Hagee,Pastor,85,2025-01-03
874,Wendy Doniger,Indologist,85,2025-01-03
875,Arthur Butz,Professor,92,2024-01-03
876,Phillip Griffiths,Mathematician,87,2024-01-03
877,Steve Swallow,Composer,85,2025-01-03
878,Robert Pinsky,Poet,85,2025-01-03
879,Michael Schultz,Film,87,2024-01-03
880,Robert Winston,Professor,85,2025-01-03
881,Dick Clement,Film,88,2024-01-03
882,Claudette Colvin,Civil Rights,86,2024-01-03
883,Bob Schieffer,Television,88,2024-01-03
884,John H. Sununu,Politician,86,2024-01-03
885,John Castle,Actor,85,2025-01-03
886,Houston Person,Music,91,2024-01-03
887,Maxine Hong Kingston,Author,85,2025-01-03
888,Efraim Halevy,Diplomat,91,2024-01-03
889,Iris Johansen,Novelist,87,2024-01-03
890,Rod Paige,Politician,92,2024-01-03
891,Anjanette Comer,Actor,86,2024-01-03
892,Neil Abercrombie,Politician,87,2024-01-03
893,Ann Jones (tennis),Player,87,2024-01-03
894,George Ritzer,Sociologist,85,2025-01-03
895,Mary Jo Catlett,Actor,87,2024-01-03
896,Zohra Lampert,Actor,88,2024-01-03
897,Robert Eisenman,Anthropologist,88,2024-01-03
898,Joanne Greenberg,Novelist,93,2024-01-03
899,Luis Valdez,Film,85,2025-01-03
900,Joan Bennett Kennedy,Pianist,89,2024-01-03
901,Donald Wuerl,Priest,85,2025-01-03
902,Chris Menges,Film,85,2025-01-03
903,Wavy Gravy,Comedian,89,2024-01-03
904,Hal Rogers,Politician,88,2024-01-03
905,Don Nelson,Basket,85,2025-01-03
906,Angela Mortimer,Player,93,2024-01-03
907,Joel Fabiani,Actor,89,2024-01-03
908,Stephen Kovacevich,Pianist,85,2025-01-03
909,Gene Kranz,Engineer,92,2024-01-03
910,Geoffrey Horne,Actor,92,2024-01-03
911,Reggie Workman,Music,88,2024-01-03
912,Tak Fujimoto,Cinema,86,2024-01-03
913,"Norman Fowler, Baron Fowler",Politician,87,2024-01-03
914,Lois Capps,Politician,87,2024-01-03
915,Gary Conway,Actor,89,2024-01-03
916,Jonathan Tunick,Composer,87,2024-01-03
917,Richard E. Stearns,Computer Scientist,89,2024-01-03
918,Paul Stookey,Music,88,2024-01-03
919,Satsvarupa dasa Goswami,Poet,86,2024-01-03
920,Barry Primus,Screenwriter,87,2024-01-03
921,Svetlana Alpers,Art Historian,89,2024-01-03
922,"Kenneth Baker, Baron Baker of Dorking",Politician,91,2024-01-03
923,Robert Alter,Scholar,90,2024-01-03
924,James Petras,Sociologist,88,2024-01-03
925,Steve Kuhn,Pianist,87,2024-01-03
926,Cecil McBee,Music,90,2024-01-03
927,Kevin Connor (director),Film,88,2024-01-03
928,Arlie Russell Hochschild,Sociologist,85,2025-01-03
929,Tom Osborne,Football,88,2024-01-03
930,Mary Peters (athlete),Athletic,86,2024-01-03
931,Philip Anschutz,Business,86,2024-01-03
932,John Harvey (author),Writer,87,2024-01-03
933,Robert Mangold,Painter,88,2024-01-03
934,Richard Schechner,Theatre,91,2024-01-03
935,Charles Wright (poet),Writer,90,2024-01-03
936,Freddy Cannon,Singer,86,2024-01-03
937,Ketty Lester,Actor,91,2024-01-03
938,Anthony S. Fauci,Immunologist,85,2025-01-03
939,Gary U.S. Bonds,Singer,86,2024-01-03
940,Gilbert Shelton,Artist,85,2025-01-03
941,Martina Arroyo,Singer,89,2024-01-03
942,Carroll Ballard,Film,88,2024-01-03
943,Teresa Heinz,Philanthropist,87,2024-01-03
944,Wayne Embry,Basket,88,2024-01-03
945,Michael Posner (psychologist),Psychologist,89,2024-01-03
946,Eva Rubinstein,Photographer,92,2024-01-03
947,John Harbison,Composer,87,2024-01-03
948,Dick Richards,Film,89,2024-01-03
949,Ken Blanchard,Author,86,2024-01-03
950,Howard Blake,Composer,87,2024-01-03
951,Candace Hilligoss,Actor,90,2024-01-03
952,Judy Cornwell,Actor,85,2025-01-03
953,John Schuck,Actor,85,2025-01-03
954,Lewis Teague,Film,87,2024-01-03
955,Waris Hussein,Film,87,2024-01-03
956,Ed Sanders,Music,86,2024-01-03
957,Gene Chandler,Songwriter,88,2024-01-03
958,John W. Snow,Politician,86,2024-01-03
959,Carole Ann Ford,Actor,85,2025-01-03
960,Robin Knox-Johnston,Explorer,86,2024-01-03
961,Vija Celmins,Painter,87,2024-01-03
962,Doug Kershaw,Music,89,2024-01-03
963,Karl E. Weick,Psychologist,89,2024-01-03
964,Julian Barbour,Physicist,88,2024-01-03
965,Jack Taylor (actor),Actor,89,2024-01-03
966,Josh McDowell,Christian Apologist,86,2024-01-03
967,Louis Wade Sullivan,Politician,92,2024-01-03
968,Sal Buscema,Artist,89,2024-01-03
969,Henry Waxman,Politician,86,2024-01-03
970,John A. Russo,Screenwriter,86,2024-01-03
971,Shani Wallis,Singer,92,2024-01-03
972,John Poindexter,Officer,89,2024-01-03
973,Jeremiah P. Ostriker,Astronomer,88,2024-01-03
974,Robert S. Kaplan,Economist,85,2025-01-03
975,Colin Thubron,Writer,86,2024-01-03
976,Alfred Uhry,Librettist,89,2024-01-03
977,Steven Rose,Biologist,87,2024-01-03
978,Martha Layne Collins,Politician,89,2024-01-03
979,David Peoples,Screenwriter,85,2025-01-03
980,Dick Vitale,Basket,86,2024-01-03
981,Henry Kamen,Historian,89,2024-01-03
982,Edwin Frederick O'Brien,Cardinal,87,2024-01-03
983,John M. Deutch,Chemist,87,2024-01-03
984,William Kotzwinkle,Screenwriter,87,2024-01-03
985,Graham T. Allison,Political Scientist,85,2025-01-03
986,Nicky Cruz,Evangelist,87,2024-01-03
987,Ellen Taaffe Zwilich,Composer,86,2024-01-03
988,Marlo Morgan,Novelist,88,2024-01-03
989,Leroy Hood,Biologist,87,2024-01-03
990,Robert Hooks,Actor,88,2024-01-03
991,Peter Breggin,Psychiatrist,89,2024-01-03
992,Justin Francis Rigali,Cardinal,90,2024-01-03
993,Danny Thompson,Bassist,86,2024-01-03
994,Joanna Miles,Actor,85,2025-01-03
995,Dennis DeConcini,Politician,88,2024-01-03
996,Neil Sloane,Mathematician,86,2024-01-03
997,Joe Pytka,Film,87,2024-01-03
998,Jerry Colangelo,Basket,86,2024-01-03
999,Barry De Vorzon,Composer,91,2024-01-03
1000,Simone Forti,Composer,90,2024-01-03
1001,Del Harris,Basket,88,2024-01-03
1002,John Irvin,Film,85,2025-01-03
1003,Ralph Gibson,Photographer,86,2024-01-03
1004,Adam Greenberg (cinematographer),Cinema,86,2024-01-03
1005,Adam Przeworski,Political Scientist,85,2025-01-03
1006,Lonnie Liston Smith,Composer,85,2025-01-03
1007,Patrick Robinson (author),Writer,86,2024-01-03
1008,Gary Chapman (author),Pastor,87,2024-01-03
1009,Sonny Curtis,Singer,88,2024-01-03
1010,Ricky Tomlinson,Actor,86,2024-01-03
1011,Mike Mainieri,Composer,87,2024-01-03
1012,John Esposito,Professor,85,2025-01-03
1013,Frank Converse,Actor,87,2024-01-03
1014,Manuel Blum,Computer Scientist,87,2024-01-03
1015,John C. Wells,Linguist,86,2024-01-03
1016,Tony Harrison,Poet,88,2024-01-03
1017,James Glimm,Mathematician,91,2024-01-03
1018,Richard Zare,Chemist,86,2024-01-03
1019,Paul Winter,Composer,86,2024-01-03
1020,David Jenkins (figure skater),Skater,89,2024-01-03
1021,"Christopher Tugendhat, Baron Tugendhat",Politician,88,2024-01-03
1022,Brian Bennett,Composer,85,2025-01-03
1023,Tony Hatch,Composer,86,2024-01-03
1024,John W. Dower,Author,87,2024-01-03
1025,Mary Ann Glendon,Diplomat,87,2024-01-03
1026,Ric O'Barry,Activist,86,2024-01-03
1027,David Price (American politician),Politician,85,2025-01-03
1028,Cleve Moler,Mathematician,86,2024-01-03
1029,Ian Underwood,Music,86,2024-01-03
1030,Tom Monaghan,Entrepreneur,88,2024-01-03
1031,Alan Ford (actor),Actor,87,2024-01-03
1032,Zandra Rhodes,Designer,85,2025-01-03
1033,Peter Bonerz,Film,87,2024-01-03
1034,Joyce Johnson,Novelist,90,2024-01-03
1035,Andrew Neiderman,Screenwriter,85,2025-01-03
1036,David A. Kolb,Education,86,2024-01-03
1037,Lou Holtz,Football,88,2024-01-03
1038,Carol Morris,Model,89,2024-01-03
1039,Charles Fox (composer),Composer,85,2025-01-03
1040,Chuck Robb,Politician,86,2024-01-03
1041,James Bolam,Actor,90,2024-01-03
1042,Robin Hartshorne,Mathematician,87,2024-01-03
1043,Lawrence Pressman,Film,86,2024-01-03
1044,Barry Cunliffe,Anthropologist,86,2024-01-03
1045,BarBara Luna,Actor,86,2024-01-03
1046,Joan Tower,Conductor,87,2024-01-03
1047,Joe Gibbs,Nascar,85,2025-01-03
1048,Nancy Coover Andreasen,Psychiatrist,87,2024-01-03
1049,Jack R. Lousma,Aeronautical,89,2024-01-03
1050,Tommy Tune,Choreographer,86,2024-01-03
1051,Gary Bartz,Composer,85,2025-01-03
1052,Connie Mack III,Politician,85,2025-01-03
1053,Charles Tart,Psychologist,88,2024-01-03
1054,Bradford Parkinson,Engineer,90,2024-01-03
1055,Luis Rafael SÃ¡nchez,Novelist,89,2024-01-03
1056,Billy Boy Arnold,Singer,90,2024-01-03
1057,Benjamin Zander,Conductor,86,2024-01-03
1058,Tom Flores,Coach,88,2024-01-03
1059,Marian Wright Edelman,Lawyer,86,2024-01-03
1060,Juliet Mitchell,Psychologist,85,2025-01-03
1061,Renata Adler,Novelist,87,2024-01-03
1062,Tony Darrow,Actor,87,2024-01-03
1063,Keith Ward,Theologian,87,2024-01-03
1064,John Kingman,Mathematician,86,2024-01-03
1065,Quinlan Terry,Architect,88,2024-01-03
1066,Jimmie Nicol,Music,86,2024-01-03
1067,Solomon H. Snyder,Neuroscientist,87,2024-01-03
1068,Richard Lindzen,Physicist,85,2025-01-03
1069,Bob Lilly,Football,86,2024-01-03
1070,Tony Ross,Writer,87,2024-01-03
1071,Maury Povich,Presenter,86,2024-01-03
1072,Martin Sherman,Screenwriter,87,2024-01-03
1073,Joe Alves,Film,89,2024-01-03
1074,Tony Anthony (actor),Actor,88,2024-01-03
1075,Dennis Tito,Entrepreneur,85,2025-01-03
1076,Janette Scott,Actor,87,2024-01-03
1077,"Caroline Cox, Baroness Cox",Politician,88,2024-01-03
1078,Marty Wilde,Singer,86,2024-01-03
1079,Michael Edwards (literary scholar),Writer,87,2024-01-03
1080,Bill Watts,Wrestler,86,2024-01-03
1081,Helen Donath,Singer,85,2025-01-03
1082,Henry Jaglom,Actor,87,2024-01-03
1083,Philippe de Montebello,Art Historian,89,2024-01-03
1084,Denis Noble,Biologist,89,2024-01-03
1085,Ted Kaufman,Politician,86,2024-01-03
1086,Michael Cook (historian),Historian,85,2025-01-03
1087,Lawrence Schiller,Film,89,2024-01-03
1088,Albert Mehrabian,Psychologist,86,2024-01-03
1089,Arthur Jaffe,Mathematician,88,2024-01-03
1090,Kim Weston,Singer,86,2024-01-03
1091,Bailey Howell,Basket,88,2024-01-03
1092,Satch Sanders,Basket,87,2024-01-03
1093,Michael Fried,Art Historian,86,2024-01-03
1094,Bennie Maupin,Clarinet,85,2025-01-03
1095,Frank McLintock,Football,86,2024-01-03
1096,Christina Crawford,Actor,86,2024-01-03
1097,Richard D. Ryder,Psychologist,85,2025-01-03
1098,Connie Mason,Actor,88,2024-01-03
1099,Dan Burton,Politician,87,2024-01-03
1100,Larry Bryggman,Actor,87,2024-01-03
1101,Chuck Rainey,Music,85,2025-01-03
1102,Bobby Rush (musician),Composer,85,2025-01-03
1103,Peter Gerety,Actor,85,2025-01-03
1104,Dave Obey,Politician,87,2024-01-03
1105,Billy Hart,Music,85,2025-01-03
1106,Willie John McBride,Player,85,2025-01-03
1107,Louis Hayes,Music,88,2024-01-03
1108,David Aaker,Economist,87,2024-01-03
1109,Jon Halliday,Historian,86,2024-01-03
1110,Lucinda Childs,Choreographer,85,2025-01-03
1111,David Broome,Jumper,85,2025-01-03
1112,Gordon Milne,Football,88,2024-01-03
1113,Jim Hunt,Politician,88,2024-01-03
1114,Stephen J. Lippard,Chemist,85,2025-01-03
1115,Larry Bell (artist),Sculptor,86,2024-01-03
1116,Ina May Gaskin,Midwife,85,2025-01-03
1117,Richard Chew,Film,85,2025-01-03
1118,Mike Castle,Politician,86,2024-01-03
1119,Clive Wearing,Conductor,87,2024-01-03
1120,John Berendt,Writer,86,2024-01-03
1121,Tom Meschery,Basket,87,2024-01-03
1122,Robert Swindells,Writer,86,2024-01-03
1123,James E. Gunn (astronomer),Astronomer,87,2024-01-03
1124,Geoffrey Boycott,Cricket,85,2025-01-03
1125,Ben Cayetano,Politician,86,2024-01-03
1126,James Fargo,Film,87,2024-01-03
1127,Harry Northup,Actor,85,2025-01-03
1128,Beth Fowler,Actor,85,2025-01-03
1129,Taylor Wang,Astronaut,85,2025-01-03
1130,Philip Proctor,Actor,85,2025-01-03
1131,Tony Asher,Songwriter,86,2024-01-03
1132,Arthur Elgort,Photographer,85,2025-01-03
1133,Terry Paine,Football,86,2024-01-03
1134,Averil Cameron,Historian,85,2025-01-03
1135,Lance Alworth,Football,85,2025-01-03
1136,Jake Holmes,Singer,86,2024-01-03
1137,Paula Gosling,Novelist,86,2024-01-03
1138,Marco St. John,Actor,86,2024-01-03
1139,Stanley Mouse,Painter,85,2025-01-03
1140,Mary Rand,Athletic,85,2025-01-03
1141,Roger Kellaway,Composer,86,2024-01-03
1142,Thomas McGuane,Writer,86,2024-01-03
1143,"Meghnad Desai, Baron Desai",Economist,85,2025-01-03
1144,Stephen H. Burum,Cinema,86,2024-01-03
1145,Michael Wadleigh,Film,86,2024-01-03
1146,Penny Fuller,Actor,85,2025-01-03
1147,Jack Shepherd (actor),Actor,85,2025-01-03
1148,RubÃ©n Hinojosa,Politician,85,2025-01-03
1149,Ernest Sosa,Philosopher,85,2025-01-03
1150,Louise Sorel,Actor,85,2025-01-03
1151,John Cornwell (writer),Novelist,85,2025-01-03
1152,Daniel Goldin,Politician,85,2025-01-03
1153,Kenneth Binmore,Economist,85,2025-01-03
1154,Richard Edlund,Special Effects,85,2025-01-03
1155,Wyche Fowler,Politician,85,2025-01-03
1156,Roscoe Mitchell,Composer,85,2025-01-03
1157,Jo Ann Pflug,Actor,85,2025-01-03
1158,Frances Mayes,Novelist,85,2025-01-03
1159,David Ackroyd,Actor,85,2025-01-03
1160,Deanna Dunagan,Actor,85,2025-01-03
